agent,commits_total,commits_build,commits_chore,commits_ci,commits_docs,commits_feat,commits_fix,commits_perf,commits_refactor,commits_revert,commits_style,commits_test,commits_unknown
amp,100.0,0.0,5.6,6.7,33.7,27.0,18.0,1.1,5.6,0.0,1.1,0.0,1.1
claude_code,100.0,6.0,6.0,4.0,16.0,26.0,24.0,0.0,6.0,0.0,2.0,2.0,8.0
codex,100.0,1.6,14.3,0.4,52.4,8.4,12.6,0.7,3.3,0.1,0.0,2.2,4.1
cursor,100.0,0.0,44.4,0.0,0.0,11.1,22.2,0.0,0.0,0.0,0.0,0.0,22.2
gemini,100.0,0.0,18.2,0.0,9.1,18.2,27.3,0.0,9.1,0.0,0.0,0.0,18.2
multi agent,100.0,3.1,20.0,0.0,32.3,13.8,16.9,1.5,9.2,0.0,1.5,0.0,1.5
no signal,100.0,1.4,9.1,3.1,10.7,8.2,26.6,2.8,13.8,0.1,2.0,17.3,4.9
qwen_code,100.0,0.0,9.1,0.0,54.5,18.2,18.2,0.0,0.0,0.0,0.0,0.0,0.0
windsurf,100.0,0.0,0.0,0.0,0.0,0.0,0.0,0.0,0.0,0.0,0.0,0.0,100.0
