developer,commits,median_files,p95_files,median_modules,mean_modules,multi_module_share,focused_share,scattered_share,active_days,median_commits_per_day,median_daily_churn,p95_daily_churn,rho_commits_median_churn,rho_commits_daily_churn
steipete,35089,2.0,17.0,1.0,1.5558437117045227,0.34945424492006044,0.780102026276041,0.10043033429279831,173,188.0,39867.0,192799.40000000005,-0.05069628076564342,0.8426312114053607
Dicklesworthstone,70843,2.0,12.0,1.0,1.4374461838149146,0.3077085950623209,0.8610871928066287,0.06172804652541535,176,303.5,147294.5,947268.75,0.12865576255336153,0.8254090328479385
ruvnet,5383,1.0,55.0,1.0,1.4908043841723946,0.24112948170165335,0.7637005387330484,0.13914174252275682,141,15.0,46458.0,372238.0,-0.4115606308574126,0.5637529039519898
obra,4419,2.0,11.0,1.0,1.599909481783209,0.412989364109527,0.8395564607377235,0.05702647657841141,144,19.5,4091.0,43595.149999999994,0.239006788488655,0.842407415478341
philipp-spiess,808,2.0,12.0,1.0,1.3329207920792079,0.23514851485148514,0.8428217821782178,0.06311881188118812,73,7.0,1596.0,7902.199999999991,-0.023542286645958154,0.7252744466881439
mavam,2685,2.0,20.0,1.0,1.5642458100558658,0.33482309124767223,0.8003724394785847,0.10912476722532588,152,13.0,3084.0,22861.549999999996,-0.29858762952326773,0.6620336331593463
teamchong,7204,2.0,16.0,1.0,1.4669627984453082,0.3055247084952804,0.7977512493059411,0.08675735702387563,141,31.0,22408.0,248764.0,-0.3269485677810253,0.6251319471270893
clubanderson,8536,2.0,14.0,1.0,1.1956419868791002,0.15288191190253045,0.8356373008434864,0.07251640112464855,143,46.0,12283.0,68637.40000000001,-0.060310172699719125,0.7106945307850838
steveyegge,9029,2.0,10.0,1.0,1.2553992690220401,0.16170118507032893,0.8902425517776055,0.04352641488536937,129,46.0,12096.0,122073.9999999999,-0.14548461375890173,0.8615527516199813
