developer,file_touches,distinct_files,touches_per_file,revisit_share,revisit_within_week,revisit_same_day,agent_state_touch_share,agent_state_churn_share
steipete,193148,38917,4.9630752627386485,0.7985120218692402,0.6712003230683207,0.4033176631391472,0.005658872988589061,0.002441510586421144
Dicklesworthstone,306906,78487,3.9102781352325864,0.744263715926049,0.649426860341603,0.4326275797801281,0.10497025147765114,0.07069499689861203
ruvnet,64147,26015,2.4657697482221796,0.5944471292500039,0.5393549191700313,0.4489220072645642,0.11281899387344693,0.20931991112013787
obra,19334,5674,3.4074726824109973,0.7065273611254784,0.6460122064756387,0.4571221682010965,0.005379124857763525,0.0021322162118957446
philipp-spiess,2943,1034,2.846228239845261,0.6486578321440707,0.562351342167856,0.28372409106354063,0.010873258579680599,0.0023840871081379214
mavam,18987,8308,2.285387578237843,0.5624374572075631,0.44930742086690895,0.26012534892294725,0.02801917101174488,0.009926301150285916
teamchong,42139,12889,3.269376988129413,0.6941313272740217,0.6412112295023612,0.3951209093713662,0.0003085028121217874,0.0005150270338848016
clubanderson,38012,10091,3.766921018729561,0.7345312006734716,0.6099915816058087,0.3242660212564453,0.0033410501946753656,0.0009932634444113542
steveyegge,30056,3570,8.41904761904762,0.8812217194570136,0.7675339366515838,0.419916156507852,0.15431195102475379,0.5179110880223449
