developer,month,day_iso,sampled_commits,reported_commits,unique_repos,switches,effective_repos
Dicklesworthstone,2025-09,2025-09-19,1,1,1,0,
Dicklesworthstone,2025-10,2025-10-21,28,28,1,0,
Dicklesworthstone,2025-10,2025-10-22,50,50,1,0,
Dicklesworthstone,2025-10,2025-10-23,91,91,2,44,
Dicklesworthstone,2025-10,2025-10-24,119,119,2,69,
Dicklesworthstone,2025-10,2025-10-25,80,80,2,40,
Dicklesworthstone,2025-10,2025-10-26,20,20,2,4,
Dicklesworthstone,2025-10,2025-10-27,3,3,1,0,
Dicklesworthstone,2025-10,2025-10-28,13,13,1,0,
Dicklesworthstone,2025-10,2025-10-29,20,20,2,7,
Dicklesworthstone,2025-10,2025-10-30,21,21,1,0,
Dicklesworthstone,2025-10,2025-10-31,23,23,1,0,
Dicklesworthstone,2025-11,2025-11-02,1,1,1,0,
Dicklesworthstone,2025-11,2025-11-03,2,2,1,0,
Dicklesworthstone,2025-11,2025-11-04,11,11,1,0,
Dicklesworthstone,2025-11,2025-11-05,58,58,1,0,
Dicklesworthstone,2025-11,2025-11-06,17,17,1,0,
Dicklesworthstone,2025-11,2025-11-07,33,33,3,4,
Dicklesworthstone,2025-11,2025-11-08,10,10,1,0,
Dicklesworthstone,2025-11,2025-11-09,48,48,2,1,
Dicklesworthstone,2025-11,2025-11-10,27,27,2,7,
Dicklesworthstone,2025-11,2025-11-11,8,8,1,0,
Dicklesworthstone,2025-11,2025-11-14,1,1,1,0,
Dicklesworthstone,2025-11,2025-11-16,72,72,1,0,
Dicklesworthstone,2025-11,2025-11-17,129,129,2,2,
Dicklesworthstone,2025-11,2025-11-18,96,96,2,9,
Dicklesworthstone,2025-11,2025-11-19,68,68,3,18,
Dicklesworthstone,2025-11,2025-11-20,82,82,4,21,
Dicklesworthstone,2025-11,2025-11-21,244,244,7,97,
Dicklesworthstone,2025-11,2025-11-22,207,207,7,91,
Dicklesworthstone,2025-11,2025-11-23,193,193,5,67,
Dicklesworthstone,2025-11,2025-11-24,75,75,4,40,
Dicklesworthstone,2025-11,2025-11-25,34,34,3,13,
Dicklesworthstone,2025-11,2025-11-26,56,56,5,9,
Dicklesworthstone,2025-11,2025-11-27,82,82,2,7,
Dicklesworthstone,2025-11,2025-11-28,4,4,1,0,
Dicklesworthstone,2025-11,2025-11-29,13,13,2,1,
Dicklesworthstone,2025-11,2025-11-30,83,83,4,20,
Dicklesworthstone,2025-12,2025-12-01,19,19,2,2,
Dicklesworthstone,2025-12,2025-12-02,2,2,2,1,
Dicklesworthstone,2025-12,2025-12-03,2,2,1,0,
Dicklesworthstone,2025-12,2025-12-04,1,1,1,0,
Dicklesworthstone,2025-12,2025-12-06,71,71,3,3,
Dicklesworthstone,2025-12,2025-12-07,100,234,3,19,
Dicklesworthstone,2025-12,2025-12-08,100,857,3,21,
Dicklesworthstone,2025-12,2025-12-09,83,83,4,29,
Dicklesworthstone,2025-12,2025-12-10,100,362,1,0,
Dicklesworthstone,2025-12,2025-12-11,100,102,2,20,
Dicklesworthstone,2025-12,2025-12-12,41,41,2,11,
Dicklesworthstone,2025-12,2025-12-13,100,157,4,29,
Dicklesworthstone,2025-12,2025-12-14,100,214,5,49,
Dicklesworthstone,2025-12,2025-12-15,100,133,9,49,
Dicklesworthstone,2025-12,2025-12-16,100,361,3,40,
Dicklesworthstone,2025-12,2025-12-17,100,449,2,5,
Dicklesworthstone,2025-12,2025-12-18,100,159,3,13,
Dicklesworthstone,2025-12,2025-12-19,100,101,12,49,
Dicklesworthstone,2025-12,2025-12-20,100,312,1,0,
Dicklesworthstone,2025-12,2025-12-21,100,515,1,0,
Dicklesworthstone,2025-12,2025-12-22,100,321,1,0,
Dicklesworthstone,2025-12,2025-12-23,100,153,4,7,
Dicklesworthstone,2025-12,2025-12-24,32,32,3,5,
Dicklesworthstone,2025-12,2025-12-25,100,327,4,21,
Dicklesworthstone,2025-12,2025-12-26,74,74,9,28,
Dicklesworthstone,2025-12,2025-12-27,12,12,2,1,
Dicklesworthstone,2025-12,2025-12-28,100,159,4,45,
Dicklesworthstone,2025-12,2025-12-29,100,138,4,19,
Dicklesworthstone,2025-12,2025-12-30,100,681,1,0,
Dicklesworthstone,2025-12,2025-12-31,100,390,4,30,
Dicklesworthstone,2026-01,2026-01-01,15,15,1,0,
Dicklesworthstone,2026-01,2026-01-02,131,131,6,49,
Dicklesworthstone,2026-01,2026-01-03,111,111,10,76,
Dicklesworthstone,2026-01,2026-01-04,594,594,8,266,
Dicklesworthstone,2026-01,2026-01-05,471,471,10,255,
Dicklesworthstone,2026-01,2026-01-06,442,442,9,263,
Dicklesworthstone,2026-01,2026-01-07,280,280,10,137,
Dicklesworthstone,2026-01,2026-01-08,241,241,6,70,
Dicklesworthstone,2026-01,2026-01-09,383,383,24,136,
Dicklesworthstone,2026-01,2026-01-10,624,624,13,269,
Dicklesworthstone,2026-01,2026-01-11,743,743,10,429,
Dicklesworthstone,2026-01,2026-01-12,617,617,13,358,
Dicklesworthstone,2026-01,2026-01-13,341,341,23,212,
Dicklesworthstone,2026-01,2026-01-14,410,410,28,218,
Dicklesworthstone,2026-01,2026-01-15,717,717,22,409,
Dicklesworthstone,2026-01,2026-01-16,606,606,8,360,
Dicklesworthstone,2026-01,2026-01-17,874,874,46,536,
Dicklesworthstone,2026-01,2026-01-18,518,518,40,323,
Dicklesworthstone,2026-01,2026-01-19,455,455,47,295,
Dicklesworthstone,2026-01,2026-01-20,308,308,28,203,
Dicklesworthstone,2026-01,2026-01-21,748,748,32,666,
Dicklesworthstone,2026-01,2026-01-22,272,272,59,242,
Dicklesworthstone,2026-01,2026-01-23,233,233,35,169,
Dicklesworthstone,2026-01,2026-01-24,221,221,48,192,
Dicklesworthstone,2026-01,2026-01-25,373,373,41,296,
Dicklesworthstone,2026-01,2026-01-26,393,393,34,203,
Dicklesworthstone,2026-01,2026-01-27,1087,1087,42,773,
Dicklesworthstone,2026-01,2026-01-28,1078,1078,27,899,
Dicklesworthstone,2026-01,2026-01-29,774,774,28,592,
Dicklesworthstone,2026-01,2026-01-30,943,943,24,642,
Dicklesworthstone,2026-01,2026-01-31,349,349,13,217,
Dicklesworthstone,2026-02,2026-02-01,612,612,19,394,
Dicklesworthstone,2026-02,2026-02-02,589,589,19,339,
Dicklesworthstone,2026-02,2026-02-03,1027,1027,14,412,
Dicklesworthstone,2026-02,2026-02-04,610,610,20,289,
Dicklesworthstone,2026-02,2026-02-05,743,743,18,379,
Dicklesworthstone,2026-02,2026-02-06,897,897,18,553,
Dicklesworthstone,2026-02,2026-02-07,688,688,18,371,
Dicklesworthstone,2026-02,2026-02-08,763,763,19,420,
Dicklesworthstone,2026-02,2026-02-09,1080,1080,29,716,
Dicklesworthstone,2026-02,2026-02-10,1114,1114,35,858,
Dicklesworthstone,2026-02,2026-02-11,723,723,40,488,
Dicklesworthstone,2026-02,2026-02-12,628,628,25,345,
Dicklesworthstone,2026-02,2026-02-13,896,896,32,582,
Dicklesworthstone,2026-02,2026-02-14,1115,1115,56,580,
Dicklesworthstone,2026-02,2026-02-15,976,976,34,609,
Dicklesworthstone,2026-02,2026-02-16,1101,1101,32,667,
Dicklesworthstone,2026-02,2026-02-17,310,310,18,176,
Dicklesworthstone,2026-02,2026-02-18,254,254,19,171,
Dicklesworthstone,2026-02,2026-02-19,439,439,30,284,
Dicklesworthstone,2026-02,2026-02-20,419,419,39,245,
Dicklesworthstone,2026-02,2026-02-21,213,213,25,175,
Dicklesworthstone,2026-02,2026-02-22,947,947,94,506,
Dicklesworthstone,2026-02,2026-02-23,355,355,31,236,
Dicklesworthstone,2026-02,2026-02-24,256,256,17,80,
Dicklesworthstone,2026-02,2026-02-25,562,562,30,328,
Dicklesworthstone,2026-02,2026-02-26,450,450,47,267,
Dicklesworthstone,2026-02,2026-02-27,439,439,26,279,
Dicklesworthstone,2026-02,2026-02-28,406,406,29,243,
Dicklesworthstone,2026-03,2026-03-01,108,108,11,53,
Dicklesworthstone,2026-03,2026-03-02,373,373,28,206,
Dicklesworthstone,2026-03,2026-03-03,526,526,34,295,
Dicklesworthstone,2026-03,2026-03-04,552,552,35,351,
Dicklesworthstone,2026-03,2026-03-05,380,380,30,206,
Dicklesworthstone,2026-03,2026-03-06,331,331,25,183,
Dicklesworthstone,2026-03,2026-03-07,607,607,23,358,
Dicklesworthstone,2026-03,2026-03-08,235,235,18,131,
Dicklesworthstone,2026-03,2026-03-09,542,542,21,311,
Dicklesworthstone,2026-03,2026-03-10,299,299,27,156,
Dicklesworthstone,2026-03,2026-03-11,432,432,16,200,
Dicklesworthstone,2026-03,2026-03-12,691,691,35,490,
Dicklesworthstone,2026-03,2026-03-13,385,385,33,242,
Dicklesworthstone,2026-03,2026-03-14,250,250,20,142,
Dicklesworthstone,2026-03,2026-03-15,458,458,37,330,
Dicklesworthstone,2026-03,2026-03-16,249,249,24,147,
Dicklesworthstone,2026-03,2026-03-17,261,261,21,167,
Dicklesworthstone,2026-03,2026-03-18,325,325,27,238,
Dicklesworthstone,2026-03,2026-03-19,377,377,29,272,
Dicklesworthstone,2026-03,2026-03-20,322,322,24,189,
Dicklesworthstone,2026-03,2026-03-21,646,646,27,388,
Dicklesworthstone,2026-03,2026-03-22,2702,2702,94,602,
Dicklesworthstone,2026-03,2026-03-23,574,574,61,472,
Dicklesworthstone,2026-03,2026-03-24,479,479,33,369,
Dicklesworthstone,2026-03,2026-03-25,418,418,28,285,
Dicklesworthstone,2026-03,2026-03-26,197,197,36,149,
Dicklesworthstone,2026-03,2026-03-27,418,418,24,317,
Dicklesworthstone,2026-03,2026-03-28,153,153,23,104,
Dicklesworthstone,2026-03,2026-03-29,124,124,24,74,
Dicklesworthstone,2026-03,2026-03-30,96,96,26,69,
Dicklesworthstone,2026-03,2026-03-31,298,298,28,180,
Dicklesworthstone,2026-04,2026-04-01,337,337,31,249,
Dicklesworthstone,2026-04,2026-04-02,205,205,38,163,
Dicklesworthstone,2026-04,2026-04-03,224,224,23,168,
Dicklesworthstone,2026-04,2026-04-04,72,72,18,45,
Dicklesworthstone,2026-04,2026-04-05,81,81,20,53,
Dicklesworthstone,2026-04,2026-04-06,243,243,28,177,
Dicklesworthstone,2026-04,2026-04-07,340,340,34,245,
Dicklesworthstone,2026-04,2026-04-08,133,133,25,70,
Dicklesworthstone,2026-04,2026-04-09,197,197,19,94,
Dicklesworthstone,2026-04,2026-04-10,392,392,29,287,
Dicklesworthstone,2026-04,2026-04-11,588,588,30,473,
Dicklesworthstone,2026-04,2026-04-12,100,100,20,67,
Dicklesworthstone,2026-04,2026-04-13,219,219,16,166,
Dicklesworthstone,2026-04,2026-04-14,136,136,18,98,
Dicklesworthstone,2026-04,2026-04-15,468,468,23,377,
Dicklesworthstone,2026-04,2026-04-16,506,506,23,405,
Dicklesworthstone,2026-04,2026-04-17,692,692,22,335,
Dicklesworthstone,2026-04,2026-04-18,1325,1325,19,917,
Dicklesworthstone,2026-04,2026-04-19,821,821,19,492,
Dicklesworthstone,2026-04,2026-04-20,1009,1009,22,572,
Dicklesworthstone,2026-04,2026-04-21,1422,1422,30,1170,
Dicklesworthstone,2026-04,2026-04-22,1701,1701,42,1292,
Dicklesworthstone,2026-04,2026-04-23,1162,1162,19,777,
Dicklesworthstone,2026-04,2026-04-24,1278,1278,27,939,
Dicklesworthstone,2026-04,2026-04-25,686,686,36,460,
Dicklesworthstone,2026-04,2026-04-26,976,976,18,726,
Dicklesworthstone,2026-04,2026-04-27,1270,1270,25,886,
Dicklesworthstone,2026-04,2026-04-28,1005,1005,23,697,
Dicklesworthstone,2026-04,2026-04-29,1113,1113,36,1026,
Dicklesworthstone,2026-04,2026-04-30,487,487,20,389,
clubanderson,2025-09,2025-09-24,2,2,1,0,
clubanderson,2025-09,2025-09-29,1,1,1,0,
clubanderson,2025-10,2025-10-07,4,4,1,0,
clubanderson,2025-10,2025-10-08,4,4,1,0,
clubanderson,2025-10,2025-10-09,3,3,1,0,
clubanderson,2025-10,2025-10-10,5,5,1,0,
clubanderson,2025-10,2025-10-13,4,4,3,2,
clubanderson,2025-10,2025-10-14,2,2,2,1,
clubanderson,2025-10,2025-10-16,1,1,1,0,
clubanderson,2025-10,2025-10-23,5,5,1,0,
clubanderson,2025-10,2025-10-24,17,17,1,0,
clubanderson,2025-10,2025-10-27,32,32,1,0,
clubanderson,2025-10,2025-10-28,6,6,1,0,
clubanderson,2025-10,2025-10-29,3,3,1,0,
clubanderson,2025-11,2025-11-05,1,1,1,0,
clubanderson,2025-11,2025-11-06,1,1,1,0,
clubanderson,2025-11,2025-11-07,38,38,2,2,
clubanderson,2025-11,2025-11-08,1,1,1,0,
clubanderson,2025-11,2025-11-10,3,3,2,1,
clubanderson,2025-11,2025-11-11,2,2,2,1,
clubanderson,2025-11,2025-11-14,6,6,2,1,
clubanderson,2025-11,2025-11-15,1,1,1,0,
clubanderson,2025-11,2025-11-20,10,10,1,0,
clubanderson,2025-11,2025-11-21,12,12,2,2,
clubanderson,2025-11,2025-11-22,1,1,1,0,
clubanderson,2025-11,2025-11-25,5,5,2,1,
clubanderson,2025-12,2025-12-01,1,1,1,0,
clubanderson,2025-12,2025-12-03,9,9,3,5,
clubanderson,2025-12,2025-12-04,3,3,2,1,
clubanderson,2025-12,2025-12-05,7,7,1,0,
clubanderson,2025-12,2025-12-06,1,1,1,0,
clubanderson,2025-12,2025-12-08,15,15,1,0,
clubanderson,2025-12,2025-12-09,52,52,2,2,
clubanderson,2025-12,2025-12-10,6,6,1,0,
clubanderson,2025-12,2025-12-11,5,5,1,0,
clubanderson,2025-12,2025-12-12,6,6,1,0,
clubanderson,2025-12,2025-12-15,5,5,1,0,
clubanderson,2025-12,2025-12-16,16,16,2,2,
clubanderson,2025-12,2025-12-18,26,26,1,0,
clubanderson,2025-12,2025-12-20,6,6,2,1,
clubanderson,2025-12,2025-12-22,17,17,1,0,
clubanderson,2025-12,2025-12-23,5,5,2,2,
clubanderson,2025-12,2025-12-24,3,3,1,0,
clubanderson,2025-12,2025-12-27,1,1,1,0,
clubanderson,2026-01,2026-01-05,4,4,3,2,
clubanderson,2026-01,2026-01-06,6,6,2,2,
clubanderson,2026-01,2026-01-07,10,10,3,5,
clubanderson,2026-01,2026-01-08,4,4,1,0,
clubanderson,2026-01,2026-01-09,26,26,11,18,
clubanderson,2026-01,2026-01-10,92,92,13,81,
clubanderson,2026-01,2026-01-12,41,41,13,34,
clubanderson,2026-01,2026-01-13,268,268,13,194,
clubanderson,2026-01,2026-01-14,85,85,16,44,
clubanderson,2026-01,2026-01-15,89,89,7,36,
clubanderson,2026-01,2026-01-16,164,164,7,35,
clubanderson,2026-01,2026-01-17,14,14,1,0,
clubanderson,2026-01,2026-01-18,4,4,1,0,
clubanderson,2026-01,2026-01-19,43,43,2,2,
clubanderson,2026-01,2026-01-20,30,30,2,4,
clubanderson,2026-01,2026-01-21,30,30,6,5,
clubanderson,2026-01,2026-01-22,18,18,2,2,
clubanderson,2026-01,2026-01-23,113,113,2,6,
clubanderson,2026-01,2026-01-24,30,30,2,2,
clubanderson,2026-01,2026-01-25,5,5,1,0,
clubanderson,2026-01,2026-01-26,5,5,1,0,
clubanderson,2026-01,2026-01-27,78,78,17,32,
clubanderson,2026-01,2026-01-28,44,44,2,2,
clubanderson,2026-01,2026-01-29,86,86,5,23,
clubanderson,2026-01,2026-01-30,107,107,2,10,
clubanderson,2026-01,2026-01-31,18,18,1,0,
clubanderson,2026-02,2026-02-01,4,4,1,0,
clubanderson,2026-02,2026-02-02,44,44,1,0,
clubanderson,2026-02,2026-02-03,33,33,1,0,
clubanderson,2026-02,2026-02-04,40,40,1,0,
clubanderson,2026-02,2026-02-05,22,22,1,0,
clubanderson,2026-02,2026-02-06,55,55,16,17,
clubanderson,2026-02,2026-02-07,40,40,2,2,
clubanderson,2026-02,2026-02-08,5,5,1,0,
clubanderson,2026-02,2026-02-09,11,11,3,4,
clubanderson,2026-02,2026-02-10,48,48,2,4,
clubanderson,2026-02,2026-02-11,52,52,3,12,
clubanderson,2026-02,2026-02-12,81,81,10,45,
clubanderson,2026-02,2026-02-13,59,59,8,27,
clubanderson,2026-02,2026-02-14,51,51,8,17,
clubanderson,2026-02,2026-02-16,11,11,9,9,
clubanderson,2026-02,2026-02-17,33,33,7,24,
clubanderson,2026-02,2026-02-18,103,103,12,41,
clubanderson,2026-02,2026-02-19,61,61,7,22,
clubanderson,2026-02,2026-02-20,74,74,2,6,
clubanderson,2026-02,2026-02-21,97,97,2,7,
clubanderson,2026-02,2026-02-22,20,20,3,4,
clubanderson,2026-02,2026-02-23,63,63,4,12,
clubanderson,2026-02,2026-02-24,33,33,6,9,
clubanderson,2026-02,2026-02-25,6,6,2,1,
clubanderson,2026-02,2026-02-26,61,61,4,36,
clubanderson,2026-02,2026-02-27,93,93,9,47,
clubanderson,2026-02,2026-02-28,20,20,4,10,
clubanderson,2026-03,2026-03-01,9,9,2,4,
clubanderson,2026-03,2026-03-02,78,78,7,50,
clubanderson,2026-03,2026-03-03,74,74,5,37,
clubanderson,2026-03,2026-03-04,73,73,5,16,
clubanderson,2026-03,2026-03-05,69,69,6,24,
clubanderson,2026-03,2026-03-06,49,49,9,17,
clubanderson,2026-03,2026-03-07,98,98,5,14,
clubanderson,2026-03,2026-03-08,19,19,4,10,
clubanderson,2026-03,2026-03-09,12,12,6,6,
clubanderson,2026-03,2026-03-10,127,127,15,37,
clubanderson,2026-03,2026-03-11,188,188,7,27,
clubanderson,2026-03,2026-03-12,48,48,2,4,
clubanderson,2026-03,2026-03-13,402,402,5,33,
clubanderson,2026-03,2026-03-14,46,46,4,4,
clubanderson,2026-03,2026-03-15,126,126,3,11,
clubanderson,2026-03,2026-03-16,185,185,3,10,
clubanderson,2026-03,2026-03-17,117,117,6,18,
clubanderson,2026-03,2026-03-18,86,86,5,16,
clubanderson,2026-03,2026-03-19,97,97,5,23,
clubanderson,2026-03,2026-03-20,53,53,3,5,
clubanderson,2026-03,2026-03-21,64,64,2,2,
clubanderson,2026-03,2026-03-22,53,53,2,1,
clubanderson,2026-03,2026-03-23,82,82,2,6,
clubanderson,2026-03,2026-03-24,55,55,2,1,
clubanderson,2026-03,2026-03-25,31,31,2,2,
clubanderson,2026-03,2026-03-26,55,55,2,4,
clubanderson,2026-03,2026-03-27,57,57,2,1,
clubanderson,2026-03,2026-03-28,29,29,2,2,
clubanderson,2026-03,2026-03-29,22,22,1,0,
clubanderson,2026-03,2026-03-31,58,58,6,10,
clubanderson,2026-04,2026-04-01,133,133,25,45,
clubanderson,2026-04,2026-04-02,146,146,3,4,
clubanderson,2026-04,2026-04-03,163,163,5,18,
clubanderson,2026-04,2026-04-04,16,16,1,0,
clubanderson,2026-04,2026-04-05,30,30,1,0,
clubanderson,2026-04,2026-04-06,40,40,3,8,
clubanderson,2026-04,2026-04-07,158,158,6,20,
clubanderson,2026-04,2026-04-08,90,90,4,18,
clubanderson,2026-04,2026-04-09,95,95,4,20,
clubanderson,2026-04,2026-04-10,125,125,5,10,
clubanderson,2026-04,2026-04-11,82,82,2,2,
clubanderson,2026-04,2026-04-12,54,54,1,0,
clubanderson,2026-04,2026-04-13,99,99,4,6,
clubanderson,2026-04,2026-04-14,56,56,2,2,
clubanderson,2026-04,2026-04-15,122,122,5,19,
clubanderson,2026-04,2026-04-16,155,155,5,23,
clubanderson,2026-04,2026-04-17,135,135,4,26,
clubanderson,2026-04,2026-04-18,74,74,2,4,
clubanderson,2026-04,2026-04-19,41,41,3,4,
clubanderson,2026-04,2026-04-20,92,92,7,14,
clubanderson,2026-04,2026-04-21,110,110,3,12,
clubanderson,2026-04,2026-04-22,33,33,3,6,
clubanderson,2026-04,2026-04-23,124,124,5,40,
clubanderson,2026-04,2026-04-24,137,137,11,34,
clubanderson,2026-04,2026-04-25,108,108,6,48,
clubanderson,2026-04,2026-04-26,165,165,7,38,
clubanderson,2026-04,2026-04-27,162,162,4,48,
clubanderson,2026-04,2026-04-28,145,145,6,34,
clubanderson,2026-04,2026-04-29,147,147,5,40,
clubanderson,2026-04,2026-04-30,139,139,6,47,
mavam,2025-09,2025-09-01,7,7,2,1,
mavam,2025-09,2025-09-02,7,7,3,4,
mavam,2025-09,2025-09-07,1,1,1,0,
mavam,2025-09,2025-09-08,14,14,3,4,
mavam,2025-09,2025-09-09,15,15,4,7,
mavam,2025-09,2025-09-10,9,9,3,3,
mavam,2025-09,2025-09-11,1,1,1,0,
mavam,2025-09,2025-09-12,1,1,1,0,
mavam,2025-09,2025-09-15,1,1,1,0,
mavam,2025-09,2025-09-16,2,2,2,1,
mavam,2025-09,2025-09-17,1,1,1,0,
mavam,2025-09,2025-09-18,1,1,1,0,
mavam,2025-09,2025-09-20,33,33,1,0,
mavam,2025-09,2025-09-21,20,20,2,8,
mavam,2025-09,2025-09-22,22,22,3,6,
mavam,2025-09,2025-09-23,18,18,2,1,
mavam,2025-09,2025-09-24,7,7,2,3,
mavam,2025-09,2025-09-25,5,5,2,1,
mavam,2025-09,2025-09-26,10,10,2,2,
mavam,2025-09,2025-09-27,5,5,1,0,
mavam,2025-09,2025-09-28,15,15,2,2,
mavam,2025-09,2025-09-29,20,20,3,8,
mavam,2025-09,2025-09-30,45,45,4,20,
mavam,2025-10,2025-10-01,18,18,3,8,
mavam,2025-10,2025-10-02,14,14,6,6,
mavam,2025-10,2025-10-03,6,6,2,2,
mavam,2025-10,2025-10-04,7,7,2,1,
mavam,2025-10,2025-10-05,8,8,3,4,
mavam,2025-10,2025-10-06,22,22,4,11,
mavam,2025-10,2025-10-07,5,5,3,3,
mavam,2025-10,2025-10-09,2,2,1,0,
mavam,2025-10,2025-10-10,23,23,3,7,
mavam,2025-10,2025-10-11,13,13,3,5,
mavam,2025-10,2025-10-12,1,1,1,0,
mavam,2025-10,2025-10-13,19,19,5,5,
mavam,2025-10,2025-10-14,21,21,3,4,
mavam,2025-10,2025-10-15,7,7,2,2,
mavam,2025-10,2025-10-16,3,3,3,2,
mavam,2025-10,2025-10-17,7,7,3,4,
mavam,2025-10,2025-10-18,6,6,2,1,
mavam,2025-10,2025-10-20,7,7,2,1,
mavam,2025-10,2025-10-21,30,30,3,5,
mavam,2025-10,2025-10-22,12,12,2,2,
mavam,2025-10,2025-10-23,13,13,2,2,
mavam,2025-10,2025-10-24,23,23,4,8,
mavam,2025-10,2025-10-25,3,3,1,0,
mavam,2025-10,2025-10-26,1,1,1,0,
mavam,2025-10,2025-10-27,8,8,2,2,
mavam,2025-10,2025-10-29,2,2,1,0,
mavam,2025-10,2025-10-30,5,5,3,2,
mavam,2025-11,2025-11-01,1,1,1,0,
mavam,2025-11,2025-11-02,11,11,3,4,
mavam,2025-11,2025-11-03,7,7,3,3,
mavam,2025-11,2025-11-04,7,7,3,3,
mavam,2025-11,2025-11-05,3,3,2,1,
mavam,2025-11,2025-11-06,4,4,1,0,
mavam,2025-11,2025-11-07,9,9,2,1,
mavam,2025-11,2025-11-08,3,3,1,0,
mavam,2025-11,2025-11-09,4,4,3,3,
mavam,2025-11,2025-11-10,32,32,3,6,
mavam,2025-11,2025-11-11,4,4,2,1,
mavam,2025-11,2025-11-12,8,8,2,2,
mavam,2025-11,2025-11-13,3,3,1,0,
mavam,2025-11,2025-11-14,12,12,1,0,
mavam,2025-11,2025-11-15,6,6,3,2,
mavam,2025-11,2025-11-17,1,1,1,0,
mavam,2025-11,2025-11-18,1,1,1,0,
mavam,2025-11,2025-11-20,1,1,1,0,
mavam,2025-12,2025-12-02,2,2,1,0,
mavam,2025-12,2025-12-03,33,33,4,10,
mavam,2025-12,2025-12-04,8,8,2,2,
mavam,2025-12,2025-12-05,39,39,6,15,
mavam,2025-12,2025-12-06,16,16,5,12,
mavam,2025-12,2025-12-07,17,17,4,5,
mavam,2025-12,2025-12-08,35,35,4,15,
mavam,2025-12,2025-12-09,36,36,5,16,
mavam,2025-12,2025-12-10,1,1,1,0,
mavam,2025-12,2025-12-11,27,27,8,14,
mavam,2025-12,2025-12-12,19,19,5,10,
mavam,2025-12,2025-12-13,15,15,4,3,
mavam,2025-12,2025-12-14,8,8,5,4,
mavam,2025-12,2025-12-15,36,36,6,21,
mavam,2025-12,2025-12-16,42,42,7,13,
mavam,2025-12,2025-12-17,67,67,5,12,
mavam,2025-12,2025-12-18,24,24,6,15,
mavam,2025-12,2025-12-19,88,88,11,36,
mavam,2025-12,2025-12-20,1,1,1,0,
mavam,2025-12,2025-12-21,33,33,6,14,
mavam,2025-12,2025-12-22,38,38,3,11,
mavam,2025-12,2025-12-23,44,44,5,13,
mavam,2025-12,2025-12-24,7,7,3,5,
mavam,2025-12,2025-12-25,13,13,2,2,
mavam,2025-12,2025-12-26,8,8,3,2,
mavam,2025-12,2025-12-27,6,6,2,2,
mavam,2025-12,2025-12-28,40,40,3,4,
mavam,2025-12,2025-12-29,71,71,4,22,
mavam,2025-12,2025-12-30,27,27,5,5,
mavam,2025-12,2025-12-31,1,1,1,0,
mavam,2026-01,2026-01-02,4,4,2,2,
mavam,2026-01,2026-01-03,5,5,2,1,
mavam,2026-01,2026-01-04,20,20,4,7,
mavam,2026-01,2026-01-05,27,27,3,6,
mavam,2026-01,2026-01-06,32,32,4,6,
mavam,2026-01,2026-01-07,27,27,5,8,
mavam,2026-01,2026-01-08,20,20,3,3,
mavam,2026-01,2026-01-09,35,35,11,15,
mavam,2026-01,2026-01-10,12,12,2,1,
mavam,2026-01,2026-01-11,4,4,4,3,
mavam,2026-01,2026-01-12,13,13,1,0,
mavam,2026-01,2026-01-13,31,31,3,9,
mavam,2026-01,2026-01-14,17,17,4,7,
mavam,2026-01,2026-01-15,46,46,5,15,
mavam,2026-01,2026-01-16,2,2,1,0,
mavam,2026-01,2026-01-17,17,17,4,6,
mavam,2026-01,2026-01-18,9,9,3,4,
mavam,2026-01,2026-01-19,15,15,2,8,
mavam,2026-01,2026-01-20,12,12,3,7,
mavam,2026-01,2026-01-21,13,13,4,6,
mavam,2026-01,2026-01-22,35,35,11,22,
mavam,2026-01,2026-01-23,36,36,8,27,
mavam,2026-01,2026-01-24,3,3,2,1,
mavam,2026-01,2026-01-26,48,48,6,14,
mavam,2026-01,2026-01-27,19,19,3,12,
mavam,2026-01,2026-01-28,26,26,4,8,
mavam,2026-01,2026-01-29,16,16,3,5,
mavam,2026-01,2026-01-30,13,13,4,7,
mavam,2026-01,2026-01-31,10,10,6,6,
mavam,2026-02,2026-02-01,6,6,3,2,
mavam,2026-02,2026-02-02,27,27,7,16,
mavam,2026-02,2026-02-03,8,8,2,1,
mavam,2026-02,2026-02-04,15,15,5,8,
mavam,2026-02,2026-02-05,20,20,2,6,
mavam,2026-02,2026-02-06,37,37,4,15,
mavam,2026-02,2026-02-08,4,4,2,1,
mavam,2026-02,2026-02-09,17,17,4,6,
mavam,2026-02,2026-02-10,21,21,3,3,
mavam,2026-02,2026-02-11,18,18,4,5,
mavam,2026-02,2026-02-12,13,13,3,4,
mavam,2026-02,2026-02-13,13,13,5,7,
mavam,2026-02,2026-02-14,2,2,2,1,
mavam,2026-02,2026-02-15,14,14,4,11,
mavam,2026-02,2026-02-16,19,19,4,4,
mavam,2026-02,2026-02-17,52,52,3,2,
mavam,2026-02,2026-02-18,5,5,1,0,
mavam,2026-02,2026-02-19,48,48,4,5,
mavam,2026-02,2026-02-20,24,24,1,0,
mavam,2026-02,2026-02-21,3,3,1,0,
mavam,2026-02,2026-02-22,5,5,3,3,
mavam,2026-02,2026-02-23,52,52,4,8,
mavam,2026-02,2026-02-24,6,6,3,4,
mavam,2026-02,2026-02-25,27,27,3,6,
mavam,2026-02,2026-02-26,4,4,1,0,
mavam,2026-02,2026-02-27,17,17,4,5,
mavam,2026-02,2026-02-28,34,34,6,14,
mavam,2026-03,2026-03-01,9,9,4,4,
mavam,2026-03,2026-03-02,32,32,5,8,
mavam,2026-03,2026-03-03,11,11,5,8,
mavam,2026-03,2026-03-04,19,19,6,7,
mavam,2026-03,2026-03-05,1,1,1,0,
mavam,2026-03,2026-03-06,22,22,4,10,
mavam,2026-03,2026-03-07,10,10,3,2,
mavam,2026-03,2026-03-08,20,20,5,7,
mavam,2026-03,2026-03-09,22,22,3,5,
mavam,2026-03,2026-03-10,30,30,9,20,
mavam,2026-03,2026-03-11,34,34,7,21,
mavam,2026-03,2026-03-12,11,11,4,4,
mavam,2026-03,2026-03-13,27,27,8,16,
mavam,2026-03,2026-03-14,14,14,1,0,
mavam,2026-03,2026-03-15,17,17,6,9,
mavam,2026-03,2026-03-16,79,79,3,3,
mavam,2026-03,2026-03-17,17,17,5,6,
mavam,2026-03,2026-03-18,6,6,3,2,
mavam,2026-03,2026-03-19,7,7,5,5,
mavam,2026-03,2026-03-20,17,17,4,9,
mavam,2026-03,2026-03-21,3,3,3,2,
mavam,2026-03,2026-03-23,8,8,5,5,
mavam,2026-03,2026-03-24,10,10,6,6,
mavam,2026-03,2026-03-25,2,2,2,1,
mavam,2026-03,2026-03-26,4,4,2,1,
mavam,2026-03,2026-03-27,1,1,1,0,
mavam,2026-03,2026-03-28,1,1,1,0,
mavam,2026-03,2026-03-29,1,1,1,0,
mavam,2026-03,2026-03-30,7,7,1,0,
mavam,2026-03,2026-03-31,16,16,4,8,
mavam,2026-04,2026-04-01,12,12,1,0,
mavam,2026-04,2026-04-02,16,16,5,12,
mavam,2026-04,2026-04-03,29,29,13,19,
mavam,2026-04,2026-04-09,2,2,1,0,
mavam,2026-04,2026-04-12,3,3,2,1,
mavam,2026-04,2026-04-14,11,11,3,4,
mavam,2026-04,2026-04-15,24,24,7,20,
mavam,2026-04,2026-04-16,12,12,5,6,
mavam,2026-04,2026-04-17,11,11,3,5,
mavam,2026-04,2026-04-20,3,3,2,1,
mavam,2026-04,2026-04-22,3,3,3,2,
mavam,2026-04,2026-04-23,13,13,8,10,
mavam,2026-04,2026-04-24,12,12,4,9,
mavam,2026-04,2026-04-25,10,10,5,6,
mavam,2026-04,2026-04-27,8,8,4,6,
mavam,2026-04,2026-04-28,15,15,7,12,
mavam,2026-04,2026-04-29,14,14,6,9,
mavam,2026-04,2026-04-30,32,32,4,10,
obra,2025-09,2025-09-12,1,1,1,0,
obra,2025-09,2025-09-17,1,1,1,0,
obra,2025-09,2025-09-19,1,1,1,0,
obra,2025-09,2025-09-28,1,1,1,0,
obra,2025-10,2025-10-03,2,2,1,0,
obra,2025-10,2025-10-04,12,12,1,0,
obra,2025-10,2025-10-08,3,3,1,0,
obra,2025-10,2025-10-09,15,15,2,2,
obra,2025-10,2025-10-10,10,10,1,0,
obra,2025-10,2025-10-11,38,38,2,2,
obra,2025-10,2025-10-13,7,7,2,1,
obra,2025-10,2025-10-14,17,17,3,5,
obra,2025-10,2025-10-15,9,9,1,0,
obra,2025-10,2025-10-16,25,25,3,8,
obra,2025-10,2025-10-17,7,7,1,0,
obra,2025-10,2025-10-18,36,36,4,17,
obra,2025-10,2025-10-19,2,2,1,0,
obra,2025-10,2025-10-20,6,6,3,2,
obra,2025-10,2025-10-21,1,1,1,0,
obra,2025-10,2025-10-22,8,8,3,5,
obra,2025-10,2025-10-23,54,54,5,9,
obra,2025-10,2025-10-24,53,53,1,0,
obra,2025-10,2025-10-25,9,9,4,4,
obra,2025-10,2025-10-27,4,4,1,0,
obra,2025-10,2025-10-28,11,11,3,4,
obra,2025-10,2025-10-30,4,4,1,0,
obra,2025-10,2025-10-31,47,47,5,24,
obra,2025-11,2025-11-01,13,13,1,0,
obra,2025-11,2025-11-02,17,17,2,7,
obra,2025-11,2025-11-03,1,1,1,0,
obra,2025-11,2025-11-04,4,4,1,0,
obra,2025-11,2025-11-05,1,1,1,0,
obra,2025-11,2025-11-06,2,2,1,0,
obra,2025-11,2025-11-09,1,1,1,0,
obra,2025-11,2025-11-10,11,11,1,0,
obra,2025-11,2025-11-12,22,22,1,0,
obra,2025-11,2025-11-13,16,16,1,0,
obra,2025-11,2025-11-14,7,7,1,0,
obra,2025-11,2025-11-15,1,1,1,0,
obra,2025-11,2025-11-17,3,3,1,0,
obra,2025-11,2025-11-18,2,2,1,0,
obra,2025-11,2025-11-19,5,5,1,0,
obra,2025-11,2025-11-20,17,17,5,10,
obra,2025-11,2025-11-22,41,41,5,22,
obra,2025-11,2025-11-23,25,25,4,6,
obra,2025-11,2025-11-24,6,6,2,2,
obra,2025-11,2025-11-25,5,5,2,3,
obra,2025-11,2025-11-26,31,31,2,17,
obra,2025-11,2025-11-27,31,31,2,7,
obra,2025-11,2025-11-28,30,30,2,16,
obra,2025-11,2025-11-29,4,4,2,1,
obra,2025-11,2025-11-30,1,1,1,0,
obra,2025-12,2025-12-01,21,21,5,8,
obra,2025-12,2025-12-02,6,6,4,4,
obra,2025-12,2025-12-03,9,9,5,8,
obra,2025-12,2025-12-04,5,5,2,1,
obra,2025-12,2025-12-05,3,3,2,1,
obra,2025-12,2025-12-06,5,5,1,0,
obra,2025-12,2025-12-13,48,48,1,0,
obra,2025-12,2025-12-14,36,36,2,3,
obra,2025-12,2025-12-15,38,38,4,3,
obra,2025-12,2025-12-16,7,7,4,5,
obra,2025-12,2025-12-17,8,8,4,3,
obra,2025-12,2025-12-18,46,46,5,6,
obra,2025-12,2025-12-19,6,6,2,1,
obra,2025-12,2025-12-20,8,8,1,0,
obra,2025-12,2025-12-21,10,10,3,3,
obra,2025-12,2025-12-22,1,1,1,0,
obra,2025-12,2025-12-23,1,1,1,0,
obra,2025-12,2025-12-24,6,6,3,2,
obra,2025-12,2025-12-25,1,1,1,0,
obra,2025-12,2025-12-27,17,17,3,2,
obra,2025-12,2025-12-28,8,8,2,1,
obra,2025-12,2025-12-29,1,1,1,0,
obra,2025-12,2025-12-30,13,13,1,0,
obra,2025-12,2025-12-31,24,24,1,0,
obra,2026-01,2026-01-01,12,12,1,0,
obra,2026-01,2026-01-02,32,32,1,0,
obra,2026-01,2026-01-12,1,1,1,0,
obra,2026-01,2026-01-13,34,34,2,2,
obra,2026-01,2026-01-14,47,47,2,2,
obra,2026-01,2026-01-16,10,10,1,0,
obra,2026-01,2026-01-17,117,117,1,0,
obra,2026-01,2026-01-18,202,202,1,0,
obra,2026-01,2026-01-19,17,17,1,0,
obra,2026-01,2026-01-23,11,11,2,3,
obra,2026-01,2026-01-28,6,6,2,1,
obra,2026-01,2026-01-30,3,3,2,1,
obra,2026-01,2026-01-31,52,52,4,4,
obra,2026-02,2026-02-01,2,2,1,0,
obra,2026-02,2026-02-03,1,1,1,0,
obra,2026-02,2026-02-04,23,23,1,0,
obra,2026-02,2026-02-05,4,4,1,0,
obra,2026-02,2026-02-06,21,21,4,3,
obra,2026-02,2026-02-07,7,7,1,0,
obra,2026-02,2026-02-08,28,28,2,2,
obra,2026-02,2026-02-09,22,22,2,1,
obra,2026-02,2026-02-10,38,38,2,2,
obra,2026-02,2026-02-11,150,150,2,2,
obra,2026-02,2026-02-12,73,73,7,23,
obra,2026-02,2026-02-13,50,50,4,14,
obra,2026-02,2026-02-14,19,19,2,2,
obra,2026-02,2026-02-15,64,64,2,8,
obra,2026-02,2026-02-16,3,3,2,1,
obra,2026-02,2026-02-17,5,5,2,1,
obra,2026-02,2026-02-18,43,43,1,0,
obra,2026-02,2026-02-19,48,48,1,0,
obra,2026-02,2026-02-20,23,23,2,2,
obra,2026-02,2026-02-21,15,15,3,4,
obra,2026-02,2026-02-22,114,114,3,48,
obra,2026-02,2026-02-23,60,60,6,38,
obra,2026-02,2026-02-24,119,119,3,23,
obra,2026-02,2026-02-25,122,122,8,40,
obra,2026-02,2026-02-26,21,21,4,5,
obra,2026-02,2026-02-27,11,11,2,2,
obra,2026-02,2026-02-28,17,17,2,5,
obra,2026-03,2026-03-01,123,123,2,47,
obra,2026-03,2026-03-02,61,61,3,25,
obra,2026-03,2026-03-03,75,75,3,27,
obra,2026-03,2026-03-04,41,41,3,4,
obra,2026-03,2026-03-05,65,65,3,22,
obra,2026-03,2026-03-06,72,72,4,24,
obra,2026-03,2026-03-07,15,15,3,7,
obra,2026-03,2026-03-08,96,96,3,38,
obra,2026-03,2026-03-09,61,61,5,28,
obra,2026-03,2026-03-10,41,41,4,5,
obra,2026-03,2026-03-11,22,22,4,4,
obra,2026-03,2026-03-12,35,35,4,7,
obra,2026-03,2026-03-13,35,35,5,11,
obra,2026-03,2026-03-14,13,13,2,2,
obra,2026-03,2026-03-15,22,22,1,0,
obra,2026-03,2026-03-16,85,85,4,24,
obra,2026-03,2026-03-17,44,44,5,30,
obra,2026-03,2026-03-18,38,38,3,12,
obra,2026-03,2026-03-19,38,38,3,12,
obra,2026-03,2026-03-20,39,39,4,12,
obra,2026-03,2026-03-21,59,59,4,13,
obra,2026-03,2026-03-22,23,23,2,2,
obra,2026-03,2026-03-23,18,18,4,4,
obra,2026-03,2026-03-24,15,15,2,1,
obra,2026-03,2026-03-25,71,71,6,23,
obra,2026-03,2026-03-26,58,58,3,8,
obra,2026-03,2026-03-27,61,61,2,9,
obra,2026-03,2026-03-28,55,55,5,19,
obra,2026-03,2026-03-29,67,67,2,2,
obra,2026-03,2026-03-30,1,1,1,0,
obra,2026-03,2026-03-31,23,23,4,4,
obra,2026-04,2026-04-02,8,8,2,1,
obra,2026-04,2026-04-04,49,49,2,8,
obra,2026-04,2026-04-05,35,35,2,1,
obra,2026-04,2026-04-06,46,46,3,2,
obra,2026-04,2026-04-07,20,20,3,2,
obra,2026-04,2026-04-08,4,4,1,0,
obra,2026-04,2026-04-09,13,13,7,8,
obra,2026-04,2026-04-10,64,64,4,11,
obra,2026-04,2026-04-11,15,15,3,3,
obra,2026-04,2026-04-12,24,24,1,0,
obra,2026-04,2026-04-13,6,6,3,2,
obra,2026-04,2026-04-14,11,11,5,4,
obra,2026-04,2026-04-15,2,2,2,1,
obra,2026-04,2026-04-16,18,18,2,1,
obra,2026-04,2026-04-17,46,46,4,8,
obra,2026-04,2026-04-18,4,4,1,0,
obra,2026-04,2026-04-20,4,4,2,1,
obra,2026-04,2026-04-21,8,8,2,1,
obra,2026-04,2026-04-23,5,5,2,1,
obra,2026-04,2026-04-24,5,5,4,3,
obra,2026-04,2026-04-26,154,154,2,16,
obra,2026-04,2026-04-27,47,47,3,4,
obra,2026-04,2026-04-28,57,57,2,2,
obra,2026-04,2026-04-29,30,30,1,0,
philipp-spiess,2025-09,2025-09-23,1,1,1,0,
philipp-spiess,2025-09,2025-09-27,10,10,1,0,
philipp-spiess,2025-09,2025-09-28,2,2,1,0,
philipp-spiess,2025-09,2025-09-29,16,16,1,0,
philipp-spiess,2025-09,2025-09-30,4,4,1,0,
philipp-spiess,2025-10,2025-10-01,2,2,1,0,
philipp-spiess,2025-10,2025-10-06,1,1,1,0,
philipp-spiess,2025-10,2025-10-11,3,3,1,0,
philipp-spiess,2025-10,2025-10-12,4,4,1,0,
philipp-spiess,2025-10,2025-10-13,9,9,1,0,
philipp-spiess,2025-10,2025-10-14,28,28,1,0,
philipp-spiess,2025-10,2025-10-15,1,1,1,0,
philipp-spiess,2025-10,2025-10-16,6,6,1,0,
philipp-spiess,2025-10,2025-10-17,12,12,1,0,
philipp-spiess,2025-10,2025-10-18,4,4,1,0,
philipp-spiess,2025-10,2025-10-20,3,3,1,0,
philipp-spiess,2025-12,2025-12-04,3,3,1,0,
philipp-spiess,2025-12,2025-12-06,1,1,1,0,
philipp-spiess,2025-12,2025-12-09,5,5,1,0,
philipp-spiess,2025-12,2025-12-13,1,1,1,0,
philipp-spiess,2025-12,2025-12-18,1,1,1,0,
philipp-spiess,2025-12,2025-12-20,2,2,1,0,
philipp-spiess,2026-01,2026-01-07,12,12,2,1,
philipp-spiess,2026-01,2026-01-08,11,11,2,1,
philipp-spiess,2026-01,2026-01-09,22,22,2,7,
philipp-spiess,2026-01,2026-01-10,13,13,2,1,
philipp-spiess,2026-01,2026-01-11,16,16,2,4,
philipp-spiess,2026-01,2026-01-12,12,12,2,2,
philipp-spiess,2026-01,2026-01-13,31,31,1,0,
philipp-spiess,2026-01,2026-01-14,2,2,1,0,
philipp-spiess,2026-01,2026-01-15,28,28,1,0,
philipp-spiess,2026-01,2026-01-16,30,30,1,0,
philipp-spiess,2026-01,2026-01-17,31,31,1,0,
philipp-spiess,2026-01,2026-01-18,22,22,2,2,
philipp-spiess,2026-01,2026-01-19,20,20,1,0,
philipp-spiess,2026-01,2026-01-20,6,6,2,2,
philipp-spiess,2026-01,2026-01-21,11,11,2,2,
philipp-spiess,2026-01,2026-01-22,21,21,2,4,
philipp-spiess,2026-01,2026-01-23,8,8,1,0,
philipp-spiess,2026-01,2026-01-24,20,20,1,0,
philipp-spiess,2026-01,2026-01-25,19,19,1,0,
philipp-spiess,2026-01,2026-01-26,5,5,1,0,
philipp-spiess,2026-01,2026-01-29,1,1,1,0,
philipp-spiess,2026-01,2026-01-30,27,27,3,4,
philipp-spiess,2026-01,2026-01-31,7,7,1,0,
philipp-spiess,2026-02,2026-02-01,28,28,2,2,
philipp-spiess,2026-02,2026-02-02,1,1,1,0,
philipp-spiess,2026-02,2026-02-03,3,3,2,1,
philipp-spiess,2026-02,2026-02-04,18,18,3,5,
philipp-spiess,2026-02,2026-02-05,8,8,2,3,
philipp-spiess,2026-02,2026-02-08,16,16,2,1,
philipp-spiess,2026-02,2026-02-09,16,16,3,3,
philipp-spiess,2026-02,2026-02-10,4,4,2,1,
philipp-spiess,2026-02,2026-02-11,4,4,2,1,
philipp-spiess,2026-02,2026-02-12,16,16,4,6,
philipp-spiess,2026-02,2026-02-13,8,8,1,0,
philipp-spiess,2026-02,2026-02-15,2,2,1,0,
philipp-spiess,2026-02,2026-02-16,4,4,1,0,
philipp-spiess,2026-02,2026-02-17,13,13,4,6,
philipp-spiess,2026-02,2026-02-19,5,5,2,1,
philipp-spiess,2026-02,2026-02-20,23,23,3,3,
philipp-spiess,2026-02,2026-02-21,12,12,1,0,
philipp-spiess,2026-02,2026-02-22,43,43,2,2,
philipp-spiess,2026-02,2026-02-23,17,17,3,4,
philipp-spiess,2026-02,2026-02-24,19,19,2,2,
philipp-spiess,2026-02,2026-02-25,29,29,2,2,
philipp-spiess,2026-02,2026-02-26,8,8,3,3,
philipp-spiess,2026-02,2026-02-27,4,4,3,3,
philipp-spiess,2026-02,2026-02-28,6,6,1,0,
philipp-spiess,2026-03,2026-03-01,8,8,1,0,
philipp-spiess,2026-03,2026-03-02,3,3,2,2,
philipp-spiess,2026-03,2026-03-04,4,4,2,1,
philipp-spiess,2026-03,2026-03-05,6,6,2,2,
philipp-spiess,2026-03,2026-03-07,30,30,1,0,
philipp-spiess,2026-03,2026-03-08,5,5,1,0,
philipp-spiess,2026-03,2026-03-09,7,7,3,3,
philipp-spiess,2026-03,2026-03-10,6,6,2,1,
philipp-spiess,2026-03,2026-03-11,7,7,4,5,
philipp-spiess,2026-03,2026-03-12,1,1,1,0,
philipp-spiess,2026-03,2026-03-13,2,2,1,0,
philipp-spiess,2026-03,2026-03-14,4,4,1,0,
philipp-spiess,2026-03,2026-03-17,5,5,1,0,
philipp-spiess,2026-03,2026-03-18,10,10,1,0,
philipp-spiess,2026-03,2026-03-19,1,1,1,0,
philipp-spiess,2026-03,2026-03-23,2,2,1,0,
philipp-spiess,2026-03,2026-03-24,1,1,1,0,
philipp-spiess,2026-03,2026-03-26,1,1,1,0,
philipp-spiess,2026-03,2026-03-28,6,6,1,0,
philipp-spiess,2026-04,2026-04-18,4,4,1,0,
ruvnet,2025-09,2025-09-02,2,2,1,0,
ruvnet,2025-09,2025-09-04,12,12,1,0,
ruvnet,2025-09,2025-09-06,99,99,1,0,
ruvnet,2025-09,2025-09-07,10,10,1,0,
ruvnet,2025-09,2025-09-18,41,41,1,0,
ruvnet,2025-09,2025-09-19,4,4,1,0,
ruvnet,2025-09,2025-09-22,3,3,1,0,
ruvnet,2025-09,2025-09-24,5,5,1,0,
ruvnet,2025-09,2025-09-26,127,127,1,0,
ruvnet,2025-09,2025-09-30,11,11,1,0,
ruvnet,2025-10,2025-10-04,14,14,3,2,
ruvnet,2025-10,2025-10-05,19,19,1,0,
ruvnet,2025-10,2025-10-06,16,16,1,0,
ruvnet,2025-10,2025-10-07,15,15,1,0,
ruvnet,2025-10,2025-10-08,25,25,1,0,
ruvnet,2025-10,2025-10-09,8,8,1,0,
ruvnet,2025-10,2025-10-10,4,4,1,0,
ruvnet,2025-10,2025-10-11,7,7,2,1,
ruvnet,2025-10,2025-10-12,13,13,2,1,
ruvnet,2025-10,2025-10-13,13,13,2,7,
ruvnet,2025-10,2025-10-15,2,2,1,0,
ruvnet,2025-10,2025-10-16,10,10,1,0,
ruvnet,2025-10,2025-10-17,11,11,1,0,
ruvnet,2025-10,2025-10-20,11,11,1,0,
ruvnet,2025-10,2025-10-22,12,12,2,1,
ruvnet,2025-10,2025-10-23,4,4,1,0,
ruvnet,2025-10,2025-10-24,35,35,2,10,
ruvnet,2025-10,2025-10-25,26,26,2,2,
ruvnet,2025-11,2025-11-02,50,50,1,0,
ruvnet,2025-11,2025-11-05,2,2,1,0,
ruvnet,2025-11,2025-11-06,14,14,2,4,
ruvnet,2025-11,2025-11-07,20,20,1,0,
ruvnet,2025-11,2025-11-09,22,22,1,0,
ruvnet,2025-11,2025-11-10,34,34,2,1,
ruvnet,2025-11,2025-11-12,2,2,1,0,
ruvnet,2025-11,2025-11-13,2,2,1,0,
ruvnet,2025-11,2025-11-16,8,8,1,0,
ruvnet,2025-11,2025-11-19,7,7,1,0,
ruvnet,2025-11,2025-11-20,2,2,1,0,
ruvnet,2025-11,2025-11-21,23,23,1,0,
ruvnet,2025-11,2025-11-22,4,4,1,0,
ruvnet,2025-11,2025-11-24,27,27,4,4,
ruvnet,2025-11,2025-11-25,56,56,3,18,
ruvnet,2025-11,2025-11-26,53,53,2,1,
ruvnet,2025-11,2025-11-27,49,49,2,2,
ruvnet,2025-11,2025-11-28,6,6,1,0,
ruvnet,2025-11,2025-11-29,59,59,3,11,
ruvnet,2025-11,2025-11-30,76,76,2,14,
ruvnet,2025-12,2025-12-01,72,72,5,56,
ruvnet,2025-12,2025-12-02,100,154,4,35,
ruvnet,2025-12,2025-12-03,98,98,7,71,
ruvnet,2025-12,2025-12-04,9,9,7,8,
ruvnet,2025-12,2025-12-05,10,10,3,7,
ruvnet,2025-12,2025-12-06,41,41,3,40,
ruvnet,2025-12,2025-12-07,4,4,3,3,
ruvnet,2025-12,2025-12-08,13,13,3,12,
ruvnet,2025-12,2025-12-09,41,41,7,40,
ruvnet,2025-12,2025-12-10,1,1,1,0,
ruvnet,2025-12,2025-12-11,4,4,2,3,
ruvnet,2025-12,2025-12-12,1,1,1,0,
ruvnet,2025-12,2025-12-13,6,6,3,4,
ruvnet,2025-12,2025-12-14,1,1,1,0,
ruvnet,2025-12,2025-12-15,1,1,1,0,
ruvnet,2025-12,2025-12-23,4,4,2,3,
ruvnet,2025-12,2025-12-25,96,96,2,95,
ruvnet,2025-12,2025-12-26,100,226,2,13,
ruvnet,2025-12,2025-12-28,4,4,2,3,
ruvnet,2025-12,2025-12-29,68,68,2,67,
ruvnet,2025-12,2025-12-30,100,184,2,16,
ruvnet,2025-12,2025-12-31,100,192,2,8,
ruvnet,2026-01,2026-01-01,62,62,2,3,
ruvnet,2026-01,2026-01-02,34,34,2,2,
ruvnet,2026-01,2026-01-04,306,306,3,16,
ruvnet,2026-01,2026-01-05,245,245,2,6,
ruvnet,2026-01,2026-01-06,94,94,1,0,
ruvnet,2026-01,2026-01-07,350,350,1,0,
ruvnet,2026-01,2026-01-08,269,269,1,0,
ruvnet,2026-01,2026-01-09,29,29,1,0,
ruvnet,2026-01,2026-01-11,6,6,1,0,
ruvnet,2026-01,2026-01-12,124,124,1,0,
ruvnet,2026-01,2026-01-13,214,214,3,10,
ruvnet,2026-01,2026-01-14,180,180,2,2,
ruvnet,2026-01,2026-01-15,127,127,2,3,
ruvnet,2026-01,2026-01-16,7,7,1,0,
ruvnet,2026-01,2026-01-17,58,58,2,1,
ruvnet,2026-01,2026-01-20,4,4,1,0,
ruvnet,2026-01,2026-01-21,12,12,3,4,
ruvnet,2026-01,2026-01-22,15,15,3,3,
ruvnet,2026-01,2026-01-23,18,18,2,1,
ruvnet,2026-01,2026-01-24,16,16,2,2,
ruvnet,2026-01,2026-01-25,7,7,2,1,
ruvnet,2026-01,2026-01-26,48,48,1,0,
ruvnet,2026-01,2026-01-27,19,19,2,1,
ruvnet,2026-01,2026-01-28,38,38,2,1,
ruvnet,2026-01,2026-01-29,2,2,1,0,
ruvnet,2026-02,2026-02-02,86,86,1,0,
ruvnet,2026-02,2026-02-04,2,2,1,0,
ruvnet,2026-02,2026-02-06,2,2,1,0,
ruvnet,2026-02,2026-02-07,223,223,1,0,
ruvnet,2026-02,2026-02-08,206,206,3,15,
ruvnet,2026-02,2026-02-09,54,54,2,7,
ruvnet,2026-02,2026-02-10,118,118,1,0,
ruvnet,2026-02,2026-02-11,19,19,2,1,
ruvnet,2026-02,2026-02-12,34,34,3,12,
ruvnet,2026-02,2026-02-13,9,9,3,2,
ruvnet,2026-02,2026-02-14,18,18,1,0,
ruvnet,2026-02,2026-02-15,22,22,1,0,
ruvnet,2026-02,2026-02-16,46,46,3,13,
ruvnet,2026-02,2026-02-17,40,40,3,12,
ruvnet,2026-02,2026-02-20,25,25,2,3,
ruvnet,2026-02,2026-02-21,34,34,2,9,
ruvnet,2026-02,2026-02-22,5,5,1,0,
ruvnet,2026-02,2026-02-23,7,7,1,0,
ruvnet,2026-02,2026-02-25,17,17,1,0,
ruvnet,2026-02,2026-02-26,12,12,2,4,
ruvnet,2026-02,2026-02-27,70,70,3,2,
ruvnet,2026-02,2026-02-28,22,22,2,7,
ruvnet,2026-03,2026-03-01,59,59,1,0,
ruvnet,2026-03,2026-03-02,38,38,1,0,
ruvnet,2026-03,2026-03-03,44,44,3,10,
ruvnet,2026-03,2026-03-04,11,11,1,0,
ruvnet,2026-03,2026-03-05,22,22,2,1,
ruvnet,2026-03,2026-03-06,16,16,3,5,
ruvnet,2026-03,2026-03-08,8,8,2,1,
ruvnet,2026-03,2026-03-09,4,4,2,1,
ruvnet,2026-03,2026-03-10,7,7,4,4,
ruvnet,2026-03,2026-03-11,3,3,2,1,
ruvnet,2026-03,2026-03-12,4,4,2,1,
ruvnet,2026-03,2026-03-13,11,11,2,3,
ruvnet,2026-03,2026-03-14,3,3,2,1,
ruvnet,2026-03,2026-03-15,12,12,1,0,
ruvnet,2026-03,2026-03-16,7,7,3,5,
ruvnet,2026-03,2026-03-17,16,16,2,3,
ruvnet,2026-03,2026-03-18,2,2,2,1,
ruvnet,2026-03,2026-03-19,4,4,1,0,
ruvnet,2026-03,2026-03-20,10,10,3,2,
ruvnet,2026-03,2026-03-23,12,12,1,0,
ruvnet,2026-03,2026-03-24,18,18,2,4,
ruvnet,2026-03,2026-03-25,34,34,3,13,
ruvnet,2026-03,2026-03-26,15,15,4,6,
ruvnet,2026-03,2026-03-27,11,11,2,5,
ruvnet,2026-03,2026-03-28,16,16,2,1,
ruvnet,2026-03,2026-03-30,10,10,2,3,
ruvnet,2026-03,2026-03-31,6,6,2,1,
ruvnet,2026-04,2026-04-02,11,11,3,3,
ruvnet,2026-04,2026-04-03,105,105,4,50,
ruvnet,2026-04,2026-04-04,8,8,3,5,
ruvnet,2026-04,2026-04-05,3,3,1,0,
ruvnet,2026-04,2026-04-06,27,27,4,11,
ruvnet,2026-04,2026-04-07,8,8,3,5,
ruvnet,2026-04,2026-04-08,4,4,2,1,
ruvnet,2026-04,2026-04-11,1,1,1,0,
ruvnet,2026-04,2026-04-13,4,4,1,0,
ruvnet,2026-04,2026-04-15,3,3,2,1,
ruvnet,2026-04,2026-04-16,6,6,2,1,
ruvnet,2026-04,2026-04-17,14,14,2,1,
ruvnet,2026-04,2026-04-18,2,2,1,0,
ruvnet,2026-04,2026-04-19,1,1,1,0,
ruvnet,2026-04,2026-04-20,21,21,4,4,
ruvnet,2026-04,2026-04-21,1,1,1,0,
ruvnet,2026-04,2026-04-22,6,6,1,0,
ruvnet,2026-04,2026-04-23,7,7,2,1,
ruvnet,2026-04,2026-04-24,2,2,1,0,
ruvnet,2026-04,2026-04-25,10,10,2,2,
ruvnet,2026-04,2026-04-26,49,49,3,18,
ruvnet,2026-04,2026-04-27,115,115,4,18,
ruvnet,2026-04,2026-04-28,35,35,3,5,
ruvnet,2026-04,2026-04-29,11,11,5,4,
ruvnet,2026-04,2026-04-30,23,23,4,7,
steipete,2025-09,2025-09-02,11,11,1,0,
steipete,2025-09,2025-09-03,2,2,1,0,
steipete,2025-09,2025-09-06,1,1,1,0,
steipete,2025-09,2025-09-09,7,7,1,0,
steipete,2025-09,2025-09-12,16,16,1,0,
steipete,2025-09,2025-09-13,1,1,1,0,
steipete,2025-09,2025-09-18,3,3,1,0,
steipete,2025-09,2025-09-19,3,3,1,0,
steipete,2025-09,2025-09-20,1,1,1,0,
steipete,2025-09,2025-09-22,5,5,2,1,
steipete,2025-09,2025-09-23,2,2,1,0,
steipete,2025-09,2025-09-24,25,25,2,5,
steipete,2025-09,2025-09-25,2,2,1,0,
steipete,2025-09,2025-09-27,1,1,1,0,
steipete,2025-10,2025-10-14,6,6,1,0,
steipete,2025-10,2025-10-16,1,1,1,0,
steipete,2025-10,2025-10-20,16,16,1,0,
steipete,2025-11,2025-11-04,33,33,1,0,
steipete,2025-11,2025-11-05,162,162,7,71,
steipete,2025-11,2025-11-06,141,141,6,63,
steipete,2025-11,2025-11-07,145,145,5,42,
steipete,2025-11,2025-11-08,99,99,6,37,
steipete,2025-11,2025-11-09,34,34,3,3,
steipete,2025-11,2025-11-10,99,99,4,25,
steipete,2025-11,2025-11-11,96,96,7,18,
steipete,2025-11,2025-11-12,187,187,7,33,
steipete,2025-11,2025-11-13,66,66,4,27,
steipete,2025-11,2025-11-14,194,194,9,65,
steipete,2025-11,2025-11-15,357,357,12,205,
steipete,2025-11,2025-11-16,548,548,14,232,
steipete,2025-11,2025-11-17,314,314,16,168,
steipete,2025-11,2025-11-18,252,252,13,129,
steipete,2025-11,2025-11-19,261,261,12,155,
steipete,2025-11,2025-11-20,212,212,10,95,
steipete,2025-11,2025-11-21,328,328,7,141,
steipete,2025-11,2025-11-22,197,197,10,87,
steipete,2025-11,2025-11-23,16,16,3,3,
steipete,2025-11,2025-11-24,137,137,8,51,
steipete,2025-11,2025-11-25,489,489,23,290,
steipete,2025-11,2025-11-26,104,104,9,49,
steipete,2025-11,2025-11-27,28,28,2,2,
steipete,2025-11,2025-11-28,17,17,4,4,
steipete,2025-11,2025-11-29,6,6,1,0,
steipete,2025-11,2025-11-30,5,5,2,1,
steipete,2025-12,2025-12-01,3,3,1,0,
steipete,2025-12,2025-12-02,129,129,13,60,
steipete,2025-12,2025-12-03,140,140,8,49,
steipete,2025-12,2025-12-04,89,89,8,16,
steipete,2025-12,2025-12-05,127,127,8,34,
steipete,2025-12,2025-12-06,117,117,8,30,
steipete,2025-12,2025-12-07,194,194,4,18,
steipete,2025-12,2025-12-08,191,191,8,66,
steipete,2025-12,2025-12-09,188,188,3,17,
steipete,2025-12,2025-12-10,61,61,1,0,
steipete,2025-12,2025-12-11,4,4,1,0,
steipete,2025-12,2025-12-12,190,190,9,106,
steipete,2025-12,2025-12-13,352,352,14,194,
steipete,2025-12,2025-12-14,228,228,5,67,
steipete,2025-12,2025-12-16,10,10,1,0,
steipete,2025-12,2025-12-17,324,324,16,177,
steipete,2025-12,2025-12-18,282,282,12,172,
steipete,2025-12,2025-12-19,339,339,24,222,
steipete,2025-12,2025-12-20,331,331,11,143,
steipete,2025-12,2025-12-21,117,117,5,45,
steipete,2025-12,2025-12-22,94,94,5,54,
steipete,2025-12,2025-12-23,211,211,9,102,
steipete,2025-12,2025-12-24,209,209,8,85,
steipete,2025-12,2025-12-25,230,230,12,139,
steipete,2025-12,2025-12-26,342,342,13,213,
steipete,2025-12,2025-12-27,298,298,18,172,
steipete,2025-12,2025-12-28,496,496,17,294,
steipete,2025-12,2025-12-29,227,227,10,156,
steipete,2025-12,2025-12-30,418,418,13,212,
steipete,2025-12,2025-12-31,265,265,12,140,
steipete,2026-01,2026-01-01,260,260,33,141,
steipete,2026-01,2026-01-02,226,226,10,85,
steipete,2026-01,2026-01-03,243,243,9,70,
steipete,2026-01,2026-01-04,238,238,21,91,
steipete,2026-01,2026-01-05,187,187,6,55,
steipete,2026-01,2026-01-06,209,209,4,39,
steipete,2026-01,2026-01-07,232,232,8,93,
steipete,2026-01,2026-01-08,349,349,5,90,
steipete,2026-01,2026-01-09,469,469,13,80,
steipete,2026-01,2026-01-10,308,308,9,68,
steipete,2026-01,2026-01-11,208,208,8,60,
steipete,2026-01,2026-01-12,343,343,5,80,
steipete,2026-01,2026-01-13,206,206,5,54,
steipete,2026-01,2026-01-14,62,62,2,2,
steipete,2026-01,2026-01-15,233,233,10,27,
steipete,2026-01,2026-01-16,254,254,10,93,
steipete,2026-01,2026-01-17,403,403,7,189,
steipete,2026-01,2026-01-18,326,326,13,81,
steipete,2026-01,2026-01-19,160,160,10,49,
steipete,2026-01,2026-01-20,248,248,7,94,
steipete,2026-01,2026-01-21,236,236,7,59,
steipete,2026-01,2026-01-22,234,234,9,92,
steipete,2026-01,2026-01-23,169,169,7,27,
steipete,2026-01,2026-01-24,207,207,8,49,
steipete,2026-01,2026-01-25,95,95,2,5,
steipete,2026-01,2026-01-26,34,34,2,1,
steipete,2026-01,2026-01-27,41,41,2,6,
steipete,2026-01,2026-01-28,14,14,3,6,
steipete,2026-01,2026-01-29,5,5,1,0,
steipete,2026-01,2026-01-30,36,36,5,17,
steipete,2026-01,2026-01-31,25,25,5,10,
steipete,2026-02,2026-02-01,22,22,2,1,
steipete,2026-02,2026-02-02,41,41,2,14,
steipete,2026-02,2026-02-03,22,22,3,14,
steipete,2026-02,2026-02-04,33,33,3,6,
steipete,2026-02,2026-02-05,18,18,3,4,
steipete,2026-02,2026-02-06,12,12,3,2,
steipete,2026-02,2026-02-07,36,36,5,17,
steipete,2026-02,2026-02-09,17,17,3,6,
steipete,2026-02,2026-02-10,4,4,2,1,
steipete,2026-02,2026-02-11,4,4,1,0,
steipete,2026-02,2026-02-12,11,11,1,0,
steipete,2026-02,2026-02-13,200,200,7,102,
steipete,2026-02,2026-02-14,535,535,8,119,
steipete,2026-02,2026-02-15,487,487,7,39,
steipete,2026-02,2026-02-16,537,537,6,71,
steipete,2026-02,2026-02-17,77,77,3,4,
steipete,2026-02,2026-02-18,299,299,3,6,
steipete,2026-02,2026-02-19,234,234,2,2,
steipete,2026-02,2026-02-21,317,317,2,4,
steipete,2026-02,2026-02-22,630,630,2,6,
steipete,2026-02,2026-02-23,109,109,2,2,
steipete,2026-02,2026-02-24,171,171,1,0,
steipete,2026-02,2026-02-25,90,90,2,8,
steipete,2026-02,2026-02-26,213,213,3,12,
steipete,2026-02,2026-02-27,7,7,1,0,
steipete,2026-03,2026-03-01,26,26,1,0,
steipete,2026-03,2026-03-02,467,467,3,20,
steipete,2026-03,2026-03-03,184,184,3,22,
steipete,2026-03,2026-03-05,4,4,1,0,
steipete,2026-03,2026-03-06,1,1,1,0,
steipete,2026-03,2026-03-07,328,328,9,139,
steipete,2026-03,2026-03-08,427,427,12,171,
steipete,2026-03,2026-03-09,149,149,10,72,
steipete,2026-03,2026-03-10,23,23,1,0,
steipete,2026-03,2026-03-11,39,39,3,6,
steipete,2026-03,2026-03-12,61,61,6,23,
steipete,2026-03,2026-03-13,617,617,13,105,
steipete,2026-03,2026-03-14,176,176,5,12,
steipete,2026-03,2026-03-15,28,28,1,0,
steipete,2026-03,2026-03-16,169,169,5,27,
steipete,2026-03,2026-03-17,329,329,3,12,
steipete,2026-03,2026-03-18,43,43,1,0,
steipete,2026-03,2026-03-19,18,18,1,0,
steipete,2026-03,2026-03-20,33,33,3,6,
steipete,2026-03,2026-03-21,16,16,2,5,
steipete,2026-03,2026-03-22,286,286,3,46,
steipete,2026-03,2026-03-23,200,200,2,18,
steipete,2026-03,2026-03-24,147,147,4,24,
steipete,2026-03,2026-03-25,63,63,1,0,
steipete,2026-03,2026-03-26,115,115,3,13,
steipete,2026-03,2026-03-27,244,244,2,6,
steipete,2026-03,2026-03-28,295,295,5,16,
steipete,2026-03,2026-03-29,130,130,4,14,
steipete,2026-03,2026-03-30,14,14,1,0,
steipete,2026-03,2026-03-31,105,105,3,6,
steipete,2026-04,2026-04-01,107,107,1,0,
steipete,2026-04,2026-04-02,71,71,3,6,
steipete,2026-04,2026-04-03,303,303,2,6,
steipete,2026-04,2026-04-04,643,643,3,8,
steipete,2026-04,2026-04-05,366,366,2,30,
steipete,2026-04,2026-04-06,625,625,2,12,
steipete,2026-04,2026-04-07,601,601,4,58,
steipete,2026-04,2026-04-08,256,256,6,29,
steipete,2026-04,2026-04-09,70,70,2,2,
steipete,2026-04,2026-04-10,329,329,1,0,
steipete,2026-04,2026-04-11,205,205,1,0,
steipete,2026-04,2026-04-12,52,52,1,0,
steipete,2026-04,2026-04-13,26,26,1,0,
steipete,2026-04,2026-04-14,49,49,2,2,
steipete,2026-04,2026-04-15,37,37,1,0,
steipete,2026-04,2026-04-16,41,41,1,0,
steipete,2026-04,2026-04-17,181,181,1,0,
steipete,2026-04,2026-04-18,236,236,4,39,
steipete,2026-04,2026-04-19,106,106,1,0,
steipete,2026-04,2026-04-20,521,521,5,61,
steipete,2026-04,2026-04-21,224,224,5,75,
steipete,2026-04,2026-04-22,292,292,6,47,
steipete,2026-04,2026-04-23,464,464,4,40,
steipete,2026-04,2026-04-24,429,429,5,94,
steipete,2026-04,2026-04-25,535,535,9,117,
steipete,2026-04,2026-04-26,358,358,9,85,
steipete,2026-04,2026-04-27,840,840,58,355,
steipete,2026-04,2026-04-28,537,537,15,194,
steipete,2026-04,2026-04-29,490,490,8,200,
steipete,2026-04,2026-04-30,241,241,9,119,
steveyegge,2025-10,2025-10-12,16,16,1,0,
steveyegge,2025-10,2025-10-13,12,12,1,0,
steveyegge,2025-10,2025-10-14,58,58,1,0,
steveyegge,2025-10,2025-10-15,46,46,2,4,
steveyegge,2025-10,2025-10-16,67,67,2,2,
steveyegge,2025-10,2025-10-17,40,40,2,2,
steveyegge,2025-10,2025-10-18,40,40,2,2,
steveyegge,2025-10,2025-10-19,15,15,1,0,
steveyegge,2025-10,2025-10-20,24,24,2,2,
steveyegge,2025-10,2025-10-21,12,12,1,0,
steveyegge,2025-10,2025-10-23,3,3,1,0,
steveyegge,2025-10,2025-10-24,1,1,1,0,
steveyegge,2025-10,2025-10-31,1,1,1,0,
steveyegge,2025-11,2025-11-04,3,3,1,0,
steveyegge,2025-11,2025-11-20,3,3,1,0,
steveyegge,2025-11,2025-11-25,46,46,1,0,
steveyegge,2025-11,2025-11-26,40,40,1,0,
steveyegge,2025-11,2025-11-27,76,76,1,0,
steveyegge,2025-11,2025-11-28,21,21,1,0,
steveyegge,2025-11,2025-11-29,126,126,1,0,
steveyegge,2025-11,2025-11-30,100,100,1,0,
steveyegge,2025-12,2025-12-01,23,23,1,0,
steveyegge,2025-12,2025-12-02,25,25,1,0,
steveyegge,2025-12,2025-12-03,23,23,1,0,
steveyegge,2025-12,2025-12-04,11,11,1,0,
steveyegge,2025-12,2025-12-05,10,10,1,0,
steveyegge,2025-12,2025-12-06,5,5,1,0,
steveyegge,2025-12,2025-12-07,15,15,1,0,
steveyegge,2025-12,2025-12-12,21,21,1,0,
steveyegge,2025-12,2025-12-13,24,24,1,0,
steveyegge,2025-12,2025-12-14,27,27,1,0,
steveyegge,2025-12,2025-12-15,94,94,1,0,
steveyegge,2025-12,2025-12-16,104,104,2,24,
steveyegge,2025-12,2025-12-17,100,100,2,29,
steveyegge,2025-12,2025-12-18,105,105,2,27,
steveyegge,2025-12,2025-12-19,149,149,2,30,
steveyegge,2025-12,2025-12-20,131,131,2,30,
steveyegge,2025-12,2025-12-21,200,200,3,65,
steveyegge,2025-12,2025-12-22,378,378,3,61,
steveyegge,2025-12,2025-12-23,390,390,2,106,
steveyegge,2025-12,2025-12-24,231,231,2,69,
steveyegge,2025-12,2025-12-25,210,210,2,78,
steveyegge,2025-12,2025-12-26,194,194,2,65,
steveyegge,2025-12,2025-12-27,127,127,2,39,
steveyegge,2025-12,2025-12-28,172,172,2,57,
steveyegge,2025-12,2025-12-29,180,180,2,63,
steveyegge,2025-12,2025-12-30,257,257,2,42,
steveyegge,2025-12,2025-12-31,267,267,2,70,
steveyegge,2026-01,2026-01-01,39,39,2,21,
steveyegge,2026-01,2026-01-02,145,145,2,49,
steveyegge,2026-01,2026-01-03,92,92,2,16,
steveyegge,2026-01,2026-01-04,78,78,2,25,
steveyegge,2026-01,2026-01-05,74,74,2,21,
steveyegge,2026-01,2026-01-06,60,60,2,10,
steveyegge,2026-01,2026-01-07,81,81,2,32,
steveyegge,2026-01,2026-01-08,87,87,2,14,
steveyegge,2026-01,2026-01-09,49,49,2,14,
steveyegge,2026-01,2026-01-10,59,59,2,19,
steveyegge,2026-01,2026-01-11,103,103,2,16,
steveyegge,2026-01,2026-01-12,176,176,2,39,
steveyegge,2026-01,2026-01-13,76,76,2,23,
steveyegge,2026-01,2026-01-14,11,11,2,6,
steveyegge,2026-01,2026-01-15,32,32,2,6,
steveyegge,2026-01,2026-01-16,24,24,2,9,
steveyegge,2026-01,2026-01-17,81,81,2,36,
steveyegge,2026-01,2026-01-18,1,1,1,0,
steveyegge,2026-01,2026-01-19,9,9,2,4,
steveyegge,2026-01,2026-01-20,6,6,1,0,
steveyegge,2026-01,2026-01-21,54,54,2,14,
steveyegge,2026-01,2026-01-22,47,47,2,16,
steveyegge,2026-01,2026-01-23,12,12,2,1,
steveyegge,2026-01,2026-01-24,11,11,2,3,
steveyegge,2026-01,2026-01-25,26,26,2,8,
steveyegge,2026-01,2026-01-26,15,15,2,7,
steveyegge,2026-01,2026-01-27,50,50,2,11,
steveyegge,2026-01,2026-01-28,5,5,2,2,
steveyegge,2026-01,2026-01-29,34,34,2,1,
steveyegge,2026-01,2026-01-30,5,5,2,1,
steveyegge,2026-01,2026-01-31,20,20,2,3,
steveyegge,2026-02,2026-02-01,8,8,2,1,
steveyegge,2026-02,2026-02-02,8,8,2,6,
steveyegge,2026-02,2026-02-03,41,41,2,15,
steveyegge,2026-02,2026-02-05,64,64,2,16,
steveyegge,2026-02,2026-02-06,68,68,2,20,
steveyegge,2026-02,2026-02-07,78,78,2,37,
steveyegge,2026-02,2026-02-08,234,234,2,50,
steveyegge,2026-02,2026-02-09,91,91,2,21,
steveyegge,2026-02,2026-02-10,111,111,2,37,
steveyegge,2026-02,2026-02-11,34,34,2,9,
steveyegge,2026-02,2026-02-12,32,32,2,11,
steveyegge,2026-02,2026-02-13,6,6,2,1,
steveyegge,2026-02,2026-02-14,67,67,2,15,
steveyegge,2026-02,2026-02-15,80,80,2,30,
steveyegge,2026-02,2026-02-16,64,64,2,21,
steveyegge,2026-02,2026-02-17,27,27,2,9,
steveyegge,2026-02,2026-02-18,30,30,2,10,
steveyegge,2026-02,2026-02-19,61,61,2,11,
steveyegge,2026-02,2026-02-20,39,39,2,9,
steveyegge,2026-02,2026-02-21,77,77,3,22,
steveyegge,2026-02,2026-02-22,62,62,2,17,
steveyegge,2026-02,2026-02-23,135,135,2,50,
steveyegge,2026-02,2026-02-24,88,88,2,12,
steveyegge,2026-02,2026-02-25,69,69,2,24,
steveyegge,2026-02,2026-02-26,92,92,2,24,
steveyegge,2026-02,2026-02-27,111,111,2,29,
steveyegge,2026-02,2026-02-28,197,197,2,57,
steveyegge,2026-03,2026-03-01,351,351,3,90,
steveyegge,2026-03,2026-03-02,164,164,2,59,
steveyegge,2026-03,2026-03-03,81,81,3,34,
steveyegge,2026-03,2026-03-04,63,63,3,13,
steveyegge,2026-03,2026-03-05,95,95,4,24,
steveyegge,2026-03,2026-03-06,45,45,3,7,
steveyegge,2026-03,2026-03-08,36,36,2,5,
steveyegge,2026-03,2026-03-09,23,23,2,3,
steveyegge,2026-03,2026-03-10,63,63,2,16,
steveyegge,2026-03,2026-03-11,82,82,2,16,
steveyegge,2026-03,2026-03-12,75,75,2,18,
steveyegge,2026-03,2026-03-13,27,27,2,1,
steveyegge,2026-03,2026-03-14,41,41,2,1,
steveyegge,2026-03,2026-03-15,35,35,2,3,
steveyegge,2026-03,2026-03-16,24,24,2,5,
steveyegge,2026-03,2026-03-17,36,36,2,11,
steveyegge,2026-03,2026-03-18,30,30,2,12,
steveyegge,2026-03,2026-03-19,19,19,2,5,
steveyegge,2026-03,2026-03-20,19,19,2,4,
steveyegge,2026-03,2026-03-21,92,92,2,23,
steveyegge,2026-03,2026-03-22,9,9,2,3,
steveyegge,2026-03,2026-03-23,21,21,2,2,
steveyegge,2026-03,2026-03-24,3,3,2,1,
steveyegge,2026-03,2026-03-26,1,1,1,0,
steveyegge,2026-03,2026-03-27,59,59,2,4,
steveyegge,2026-03,2026-03-28,15,15,2,4,
steveyegge,2026-03,2026-03-29,5,5,3,2,
steveyegge,2026-03,2026-03-30,5,5,2,2,
steveyegge,2026-03,2026-03-31,27,27,2,9,
steveyegge,2026-04,2026-04-03,41,41,2,10,
steveyegge,2026-04,2026-04-04,4,4,1,0,
steveyegge,2026-04,2026-04-12,5,5,1,0,
steveyegge,2026-04,2026-04-13,1,1,1,0,
steveyegge,2026-04,2026-04-15,4,4,2,2,
steveyegge,2026-04,2026-04-20,1,1,1,0,
steveyegge,2026-04,2026-04-22,3,3,1,0,
teamchong,2025-11,2025-11-09,35,35,1,0,
teamchong,2025-11,2025-11-10,12,12,1,0,
teamchong,2025-11,2025-11-11,8,8,1,0,
teamchong,2025-11,2025-11-12,1,1,1,0,
teamchong,2025-11,2025-11-13,40,40,1,0,
teamchong,2025-11,2025-11-14,14,14,1,0,
teamchong,2025-11,2025-11-15,5,5,1,0,
teamchong,2025-11,2025-11-16,28,28,1,0,
teamchong,2025-11,2025-11-17,33,33,1,0,
teamchong,2025-11,2025-11-18,10,10,1,0,
teamchong,2025-11,2025-11-19,44,44,1,0,
teamchong,2025-11,2025-11-20,44,44,1,0,
teamchong,2025-11,2025-11-21,12,12,1,0,
teamchong,2025-11,2025-11-22,16,16,1,0,
teamchong,2025-11,2025-11-23,65,65,1,0,
teamchong,2025-11,2025-11-24,113,113,1,0,
teamchong,2025-11,2025-11-25,127,127,1,0,
teamchong,2025-11,2025-11-26,32,32,1,0,
teamchong,2025-11,2025-11-27,43,43,1,0,
teamchong,2025-11,2025-11-28,135,135,1,0,
teamchong,2025-11,2025-11-29,25,25,1,0,
teamchong,2025-11,2025-11-30,5,5,1,0,
teamchong,2025-12,2025-12-01,55,55,1,0,
teamchong,2025-12,2025-12-02,188,188,1,0,
teamchong,2025-12,2025-12-03,92,92,1,0,
teamchong,2025-12,2025-12-04,20,20,1,0,
teamchong,2025-12,2025-12-05,111,111,1,0,
teamchong,2025-12,2025-12-06,25,25,1,0,
teamchong,2025-12,2025-12-07,99,99,2,17,
teamchong,2025-12,2025-12-08,63,63,3,27,
teamchong,2025-12,2025-12-09,114,114,3,54,
teamchong,2025-12,2025-12-10,197,197,3,90,
teamchong,2025-12,2025-12-11,239,239,3,75,
teamchong,2025-12,2025-12-12,258,258,2,83,
teamchong,2025-12,2025-12-13,186,186,3,97,
teamchong,2025-12,2025-12-14,111,111,4,73,
teamchong,2025-12,2025-12-15,159,159,4,89,
teamchong,2025-12,2025-12-16,100,100,4,59,
teamchong,2025-12,2025-12-17,295,295,3,154,
teamchong,2025-12,2025-12-18,139,139,3,55,
teamchong,2025-12,2025-12-19,82,82,3,15,
teamchong,2025-12,2025-12-20,62,62,3,33,
teamchong,2025-12,2025-12-21,35,35,3,17,
teamchong,2025-12,2025-12-22,27,27,3,8,
teamchong,2025-12,2025-12-23,13,13,3,6,
teamchong,2025-12,2025-12-24,3,3,3,2,
teamchong,2025-12,2025-12-25,20,20,4,14,
teamchong,2025-12,2025-12-26,93,93,4,50,
teamchong,2025-12,2025-12-27,66,66,4,39,
teamchong,2025-12,2025-12-28,64,64,3,18,
teamchong,2025-12,2025-12-29,115,115,3,46,
teamchong,2025-12,2025-12-30,99,99,3,51,
teamchong,2025-12,2025-12-31,17,17,2,6,
teamchong,2026-01,2026-01-01,42,42,3,20,
teamchong,2026-01,2026-01-02,217,217,4,115,
teamchong,2026-01,2026-01-03,33,33,2,10,
teamchong,2026-01,2026-01-04,15,15,2,4,
teamchong,2026-01,2026-01-05,10,10,1,0,
teamchong,2026-01,2026-01-06,12,12,2,1,
teamchong,2026-01,2026-01-07,6,6,4,5,
teamchong,2026-01,2026-01-08,38,38,4,20,
teamchong,2026-01,2026-01-09,27,27,3,15,
teamchong,2026-01,2026-01-10,78,78,3,43,
teamchong,2026-01,2026-01-11,50,50,4,19,
teamchong,2026-01,2026-01-12,43,43,3,14,
teamchong,2026-01,2026-01-13,84,84,3,29,
teamchong,2026-01,2026-01-14,21,21,2,3,
teamchong,2026-01,2026-01-15,12,12,2,2,
teamchong,2026-01,2026-01-16,7,7,1,0,
teamchong,2026-01,2026-01-17,6,6,1,0,
teamchong,2026-01,2026-01-18,23,23,1,0,
teamchong,2026-01,2026-01-19,25,25,2,2,
teamchong,2026-01,2026-01-20,41,41,2,11,
teamchong,2026-01,2026-01-21,75,75,2,24,
teamchong,2026-01,2026-01-22,71,71,2,24,
teamchong,2026-01,2026-01-23,69,69,2,17,
teamchong,2026-01,2026-01-24,33,33,2,5,
teamchong,2026-01,2026-01-25,58,58,2,25,
teamchong,2026-01,2026-01-26,45,45,2,7,
teamchong,2026-01,2026-01-27,8,8,1,0,
teamchong,2026-01,2026-01-28,11,11,2,1,
teamchong,2026-01,2026-01-29,45,45,2,6,
teamchong,2026-01,2026-01-30,62,62,1,0,
teamchong,2026-01,2026-01-31,16,16,1,0,
teamchong,2026-02,2026-02-01,80,80,2,2,
teamchong,2026-02,2026-02-02,22,22,2,6,
teamchong,2026-02,2026-02-03,33,33,2,10,
teamchong,2026-02,2026-02-04,24,24,2,5,
teamchong,2026-02,2026-02-05,18,18,2,4,
teamchong,2026-02,2026-02-06,13,13,2,1,
teamchong,2026-02,2026-02-07,7,7,1,0,
teamchong,2026-02,2026-02-08,10,10,2,2,
teamchong,2026-02,2026-02-09,23,23,2,6,
teamchong,2026-02,2026-02-10,25,25,2,3,
teamchong,2026-02,2026-02-11,23,23,1,0,
teamchong,2026-02,2026-02-12,3,3,1,0,
teamchong,2026-02,2026-02-13,2,2,1,0,
teamchong,2026-02,2026-02-14,11,11,2,6,
teamchong,2026-02,2026-02-15,21,21,1,0,
teamchong,2026-02,2026-02-16,123,123,2,45,
teamchong,2026-02,2026-02-17,41,41,3,9,
teamchong,2026-02,2026-02-18,25,25,2,12,
teamchong,2026-02,2026-02-19,1,1,1,0,
teamchong,2026-02,2026-02-20,3,3,2,1,
teamchong,2026-02,2026-02-21,1,1,1,0,
teamchong,2026-02,2026-02-22,3,3,1,0,
teamchong,2026-02,2026-02-23,2,2,1,0,
teamchong,2026-02,2026-02-24,8,8,2,2,
teamchong,2026-03,2026-03-02,6,6,1,0,
teamchong,2026-03,2026-03-03,31,31,2,10,
teamchong,2026-03,2026-03-04,43,43,3,18,
teamchong,2026-03,2026-03-05,76,76,3,35,
teamchong,2026-03,2026-03-06,116,116,4,81,
teamchong,2026-03,2026-03-07,91,91,4,43,
teamchong,2026-03,2026-03-08,111,111,5,61,
teamchong,2026-03,2026-03-09,89,89,5,38,
teamchong,2026-03,2026-03-10,104,104,6,50,
teamchong,2026-03,2026-03-11,53,53,3,18,
teamchong,2026-03,2026-03-12,1,1,1,0,
teamchong,2026-03,2026-03-13,28,28,4,9,
teamchong,2026-03,2026-03-14,75,75,7,31,
teamchong,2026-03,2026-03-15,14,14,2,2,
teamchong,2026-03,2026-03-17,30,30,1,0,
teamchong,2026-03,2026-03-18,167,167,1,0,
teamchong,2026-03,2026-03-20,3,3,1,0,
teamchong,2026-03,2026-03-29,3,3,1,0,
teamchong,2026-03,2026-03-31,1,1,1,0,
teamchong,2026-04,2026-04-01,1,1,1,0,
teamchong,2026-04,2026-04-04,53,53,1,0,
teamchong,2026-04,2026-04-05,19,19,1,0,
teamchong,2026-04,2026-04-06,6,6,1,0,
teamchong,2026-04,2026-04-08,7,7,1,0,
teamchong,2026-04,2026-04-18,5,5,1,0,
teamchong,2026-04,2026-04-19,9,9,1,0,
teamchong,2026-04,2026-04-23,23,23,1,0,
teamchong,2026-04,2026-04-24,17,17,1,0,
teamchong,2026-04,2026-04-25,41,41,1,0,
teamchong,2026-04,2026-04-26,30,30,2,2,
teamchong,2026-04,2026-04-27,45,45,1,0,
teamchong,2026-04,2026-04-29,7,7,1,0,
teamchong,2026-04,2026-04-30,100,100,4,32,
