developer,iso_week,week_start_iso,commits_in_week,gini,active_repos_ge2,top_repo,top_repo_share
Dicklesworthstone,2025-38,2025-09-19T20:51:44+00:00,1,0.000000,0,Dicklesworthstone/ultimate_mcp_server,1.0000
Dicklesworthstone,2025-43,2025-10-21T16:01:39+00:00,388,0.033505,2,Dicklesworthstone/rust_scriptbots,0.5335
Dicklesworthstone,2025-44,2025-10-27T00:09:22+00:00,80,0.175000,2,Dicklesworthstone/rust_scriptbots,0.6750
Dicklesworthstone,2025-44,2025-11-02T23:55:45+00:00,1,0.000000,0,Dicklesworthstone/mcp_agent_mail,1.0000
Dicklesworthstone,2025-45,2025-11-03T07:39:03+00:00,179,0.335196,2,Dicklesworthstone/mcp_agent_mail,0.5084
Dicklesworthstone,2025-46,2025-11-10T00:05:01+00:00,108,0.413580,3,Dicklesworthstone/ultimate_bug_scanner,0.6667
Dicklesworthstone,2025-47,2025-11-17T00:00:02+00:00,1019,0.445000,10,Dicklesworthstone/ultimate_bug_scanner,0.2846
Dicklesworthstone,2025-48,2025-11-24T00:04:04+00:00,347,0.530259,6,Dicklesworthstone/beads_viewer,0.4006
Dicklesworthstone,2025-49,2025-12-01T04:07:48+00:00,294,0.515063,7,Jyotilohar18/cass_memory_system,0.4320
Dicklesworthstone,2025-50,2025-12-08T00:42:40-05:00,535,0.701105,9,Dicklesworthstone/ntm,0.4131
Dicklesworthstone,2025-51,2025-12-15T00:12:44-05:00,714,0.678695,12,Dicklesworthstone/agentic_coding_flywheel_setup,0.3137
Dicklesworthstone,2025-52,2025-12-22T02:01:37-05:00,514,0.696109,10,Dicklesworthstone/agentic_coding_flywheel_setup,0.6556
Dicklesworthstone,2026-01,2025-12-29T00:04:30-05:00,280,0.598810,5,Dicklesworthstone/brenner_bot,0.5071
Dicklesworthstone,2026-01,2026-01-01T19:26:04+00:00,851,0.707090,14,Dicklesworthstone/brenner_bot,0.3467
Dicklesworthstone,2026-02,2026-01-05T00:04:10+00:00,3184,0.705787,25,Dicklesworthstone/destructive_command_guard,0.1922
Dicklesworthstone,2026-03,2026-01-12T02:31:15+00:00,4083,0.738123,50,Dicklesworthstone/destructive_command_guard,0.1007
Dicklesworthstone,2026-04,2026-01-19T01:14:35+00:00,2610,0.634163,59,Dicklesworthstone/ntm,0.1184
Dicklesworthstone,2026-05,2026-01-26T00:15:25+00:00,4624,0.716278,46,Dicklesworthstone/remote_compilation_helper,0.0971
Dicklesworthstone,2026-05,2026-02-01T00:12:24+00:00,612,0.582559,18,Dicklesworthstone/asupersync,0.2108
Dicklesworthstone,2026-06,2026-02-02T00:00:22+00:00,5317,0.770709,34,Dicklesworthstone/frankentui,0.2417
Dicklesworthstone,2026-07,2026-02-09T00:03:38+00:00,6532,0.776675,59,Dicklesworthstone/frankenterm,0.1640
Dicklesworthstone,2026-08,2026-02-16T00:01:22+00:00,3683,0.799600,93,Dicklesworthstone/asupersync,0.1520
Dicklesworthstone,2026-09,2026-02-23T00:08:01+00:00,2468,0.768594,47,Dicklesworthstone/frankenterm,0.2168
Dicklesworthstone,2026-09,2026-03-01T04:50:44+00:00,108,0.378788,9,Dicklesworthstone/asupersync_ansi_c,0.1852
Dicklesworthstone,2026-10,2026-03-02T00:07:31+00:00,3004,0.758362,42,Dicklesworthstone/asupersync,0.2603
Dicklesworthstone,2026-11,2026-03-09T00:19:46+00:00,3057,0.767596,40,Dicklesworthstone/flywheel_connectors,0.1770
Dicklesworthstone,2026-12,2026-03-16T00:34:20+00:00,4882,0.857710,93,Dicklesworthstone/frankenterm,0.4183
Dicklesworthstone,2026-13,2026-03-23T00:00:06+00:00,2363,0.713007,48,Dicklesworthstone/frankenterm,0.0990
Dicklesworthstone,2026-14,2026-03-30T00:18:13+00:00,394,0.457530,28,Dicklesworthstone/asupersync,0.1371
Dicklesworthstone,2026-14,2026-04-01T00:05:17+00:00,919,0.628400,30,Dicklesworthstone/asupersync,0.1306
Dicklesworthstone,2026-15,2026-04-06T00:00:03+00:00,1993,0.577249,38,Dicklesworthstone/frankensqlite,0.1355
Dicklesworthstone,2026-16,2026-04-13T04:40:54+00:00,4167,0.693325,30,Dicklesworthstone/frankenterm,0.3005
Dicklesworthstone,2026-17,2026-04-20T00:02:36+00:00,8234,0.811283,51,Dicklesworthstone/frankenterm,0.1372
Dicklesworthstone,2026-18,2026-04-27T00:02:21+00:00,3875,0.727938,35,Dicklesworthstone/flywheel_connectors,0.1675
clubanderson,2025-39,2025-09-24T13:34:53+00:00,2,0.000000,1,llm-d/llm-d-workload-variant-autoscaler,1.0000
clubanderson,2025-40,2025-09-29T19:29:44+00:00,1,0.000000,0,llm-d/llm-d-workload-variant-autoscaler,1.0000
clubanderson,2025-41,2025-10-07T19:54:43+00:00,16,0.000000,1,llm-d/llm-d-workload-variant-autoscaler,1.0000
clubanderson,2025-42,2025-10-13T13:23:47+00:00,7,0.190476,2,llm-d/llm-d-workload-variant-autoscaler,0.4286
clubanderson,2025-43,2025-10-23T18:01:15+00:00,22,0.000000,1,kubestellar/docs,1.0000
clubanderson,2025-44,2025-10-27T17:25:58+00:00,41,0.000000,1,kubestellar/docs,1.0000
clubanderson,2025-45,2025-11-05T14:13:02+00:00,41,0.664634,2,kubestellar/docs,0.9024
clubanderson,2025-46,2025-11-10T20:11:47+00:00,12,0.250000,3,llm-d/llm-d-workload-variant-autoscaler,0.4167
clubanderson,2025-47,2025-11-20T17:42:50+00:00,23,0.456522,1,llm-d/llm-d-workload-variant-autoscaler,0.9565
clubanderson,2025-48,2025-11-25T00:27:04+00:00,5,0.300000,1,llm-d/llm-d-workload-variant-autoscaler,0.8000
clubanderson,2025-49,2025-12-01T16:30:35+00:00,21,0.412698,2,kubestellar/docs,0.6667
clubanderson,2025-50,2025-12-08T15:06:57+00:00,84,0.488095,1,kubestellar/docs,0.9881
clubanderson,2025-51,2025-12-15T18:45:38+00:00,53,0.122642,2,llm-d/llm-d-workload-variant-autoscaler,0.6226
clubanderson,2025-52,2025-12-22T15:18:58+00:00,26,0.461538,1,llm-d/llm-d-workload-variant-autoscaler,0.9615
clubanderson,2026-02,2026-01-05T16:54:39+00:00,142,0.334272,14,kubestellar/infra,0.2042
clubanderson,2026-03,2026-01-12T14:40:58+00:00,665,0.527235,17,kubestellar/docs,0.2211
clubanderson,2026-04,2026-01-19T05:17:48+00:00,269,0.835967,4,kubestellar/console,0.9368
clubanderson,2026-05,2026-01-26T04:28:05+00:00,338,0.860425,8,kubestellar/console,0.8314
clubanderson,2026-05,2026-02-01T21:34:38+00:00,4,0.000000,1,kubestellar/console,1.0000
clubanderson,2026-06,2026-02-02T01:59:29+00:00,239,0.874215,2,kubestellar/console,0.9331
clubanderson,2026-07,2026-02-09T15:21:01+00:00,302,0.784184,11,kubestellar/console,0.6788
clubanderson,2026-08,2026-02-16T02:35:49+00:00,399,0.830648,11,kubestellar/console,0.5564
clubanderson,2026-09,2026-02-23T00:53:10+00:00,276,0.659420,9,kubestellar/copilot-remote,0.3587
clubanderson,2026-09,2026-03-01T00:14:23+00:00,9,0.277778,2,clubanderson/aquaautomate,0.7778
clubanderson,2026-10,2026-03-02T00:33:49+00:00,460,0.802746,13,kubestellar/console,0.6109
clubanderson,2026-11,2026-03-09T13:15:40+00:00,949,0.895078,8,kubestellar/console-kb,0.6523
clubanderson,2026-12,2026-03-16T07:08:44+00:00,655,0.838550,3,kubestellar/console-kb,0.6336
clubanderson,2026-13,2026-03-23T01:30:38+00:00,331,0.170695,2,kubestellar/console,0.6707
clubanderson,2026-14,2026-03-31T11:36:15+00:00,58,0.741379,2,kubestellar/console,0.8966
clubanderson,2026-14,2026-04-01T00:16:57+00:00,488,0.887219,6,kubestellar/console,0.6844
clubanderson,2026-15,2026-04-06T02:40:32+00:00,644,0.886646,4,kubestellar/console,0.9239
clubanderson,2026-16,2026-04-13T00:06:20+00:00,682,0.862170,6,kubestellar/console,0.9164
clubanderson,2026-17,2026-04-20T01:14:56+00:00,769,0.879370,7,kubestellar/console,0.7477
clubanderson,2026-18,2026-04-27T00:00:45+00:00,593,0.834892,4,kubestellar/console,0.7032
mavam,2025-36,2025-09-01T10:44:05+00:00,15,0.222222,3,tenzir/security-lake-tools,0.5333
mavam,2025-37,2025-09-08T06:32:33+00:00,40,0.225000,4,tenzir/docs,0.3500
mavam,2025-38,2025-09-15T11:46:24+00:00,58,0.620690,4,tenzir/tree-sitter-tql,0.7069
mavam,2025-39,2025-09-22T05:43:25+00:00,82,0.414634,5,tenzir/test,0.4390
mavam,2025-40,2025-09-29T08:55:39+00:00,65,0.126923,4,tenzir/tenzir,0.3231
mavam,2025-40,2025-10-01T05:59:34+00:00,53,0.468553,5,tenzir/test,0.5094
mavam,2025-41,2025-10-06T04:34:46+00:00,66,0.448485,4,tenzir/test,0.4091
mavam,2025-42,2025-10-13T06:05:41+00:00,63,0.267196,6,tenzir/test,0.3016
mavam,2025-43,2025-10-20T09:46:10+00:00,89,0.691011,4,tenzir/ship,0.7865
mavam,2025-44,2025-10-27T09:56:25+00:00,15,0.250000,4,tenzir/ship,0.4667
mavam,2025-44,2025-11-01T11:35:04+00:00,12,0.500000,1,tenzir/ship,0.7500
mavam,2025-45,2025-11-03T06:33:07+00:00,37,0.400901,5,tenzir/docs,0.3243
mavam,2025-46,2025-11-10T05:48:07+00:00,65,0.369231,5,tenzir/mcp,0.4154
mavam,2025-47,2025-11-17T14:13:24+00:00,3,0.000000,1,tenzir/tenzir,1.0000
mavam,2025-49,2025-12-02T23:49:25+00:00,115,0.477174,8,tenzir/claude-plugins,0.4261
mavam,2025-50,2025-12-08T05:47:42+00:00,141,0.509929,9,tenzir/docs,0.2908
mavam,2025-51,2025-12-15T05:36:46+00:00,291,0.574170,11,tenzir/docs,0.3127
mavam,2025-52,2025-12-22T06:54:28+00:00,156,0.586081,6,tenzir/claude-plugins,0.3910
mavam,2026-01,2025-12-29T04:36:18+00:00,99,0.536797,5,tenzir/docs,0.3434
mavam,2026-01,2026-01-02T13:30:55+00:00,29,0.422414,3,tenzir/docs,0.5172
mavam,2026-02,2026-01-05T07:28:38+00:00,157,0.621888,8,tenzir/docs,0.3376
mavam,2026-03,2026-01-12T11:04:33+00:00,135,0.531217,6,tenzir/docs,0.4222
mavam,2026-04,2026-01-19T08:09:49+00:00,114,0.599681,8,tenzir/claude-plugins,0.3684
mavam,2026-05,2026-01-26T07:09:55+00:00,132,0.477273,7,tenzir/tenzir,0.3485
mavam,2026-05,2026-02-01T17:05:03+00:00,6,0.333333,1,mavam/dotfiles,0.6667
mavam,2026-06,2026-02-02T06:43:59+00:00,111,0.540541,5,tenzir/tenzir,0.5135
mavam,2026-07,2026-02-09T07:54:30+00:00,98,0.517007,6,tenzir/tenzir,0.5918
mavam,2026-08,2026-02-16T07:10:11+00:00,156,0.762821,5,tenzir/tenzir,0.9038
mavam,2026-09,2026-02-23T06:26:46+00:00,140,0.596429,7,tenzir/tenzir,0.6214
mavam,2026-09,2026-03-01T11:24:13+00:00,9,0.416667,1,tenzir/ship,0.6667
mavam,2026-10,2026-03-02T08:29:06+00:00,115,0.490970,10,tenzir/tenzir,0.3217
mavam,2026-11,2026-03-09T08:15:16+00:00,155,0.468952,15,mavam/pi-web-providers,0.1935
mavam,2026-12,2026-03-16T10:01:54+00:00,129,0.726357,7,tenzir/tenzir,0.6589
mavam,2026-13,2026-03-23T16:53:14+00:00,27,0.296296,7,mavam/pi-web-providers,0.2963
mavam,2026-14,2026-03-30T00:48:19+00:00,23,0.489130,3,mavam/pi-web-providers,0.6957
mavam,2026-14,2026-04-01T00:55:58+00:00,57,0.552632,8,mavam/pi-web-providers,0.3684
mavam,2026-15,2026-04-09T17:39:29+00:00,5,0.133333,2,tenzir/codemirror-lang-tql,0.4000
mavam,2026-16,2026-04-14T04:58:15+00:00,58,0.536050,8,tenzir/tenzir,0.3621
mavam,2026-17,2026-04-20T10:34:28+00:00,41,0.400407,8,tenzir/tenzir,0.2439
mavam,2026-18,2026-04-27T08:17:08+00:00,69,0.574440,9,tenzir/tenzir,0.4928
obra,2025-37,2025-09-12T16:18:49+00:00,1,0.000000,0,obra/dotfiles,1.0000
obra,2025-38,2025-09-17T21:34:47+00:00,2,0.000000,1,obra/dotfiles,1.0000
obra,2025-39,2025-09-28T01:28:06+00:00,1,0.000000,0,obra/dotfiles,1.0000
obra,2025-40,2025-10-03T18:18:46+00:00,14,0.000000,1,obra/dotfiles,1.0000
obra,2025-41,2025-10-08T21:16:33+00:00,66,0.575758,3,obra/superpowers,0.9091
obra,2025-42,2025-10-13T04:05:17+00:00,103,0.322330,4,obra/superpowers,0.3301
obra,2025-43,2025-10-20T03:52:31+00:00,131,0.743321,5,obra/packnplay,0.7863
obra,2025-44,2025-10-27T22:19:11+00:00,66,0.393939,5,obra/packnplay,0.4848
obra,2025-44,2025-11-01T04:02:00+00:00,30,0.200000,3,obra/packnplay,0.4333
obra,2025-45,2025-11-03T22:38:41+00:00,9,0.000000,1,obra/packnplay,1.0000
obra,2025-46,2025-11-10T02:20:12+00:00,57,0.000000,1,obra/packnplay,1.0000
obra,2025-47,2025-11-17T04:50:31+00:00,93,0.470046,6,obra/superpowers,0.5054
obra,2025-48,2025-11-24T03:52:46+00:00,108,0.496296,5,obra/packnplay,0.4537
obra,2025-49,2025-12-01T01:32:27+00:00,49,0.343537,6,obra/external-subagents,0.3673
obra,2025-50,2025-12-13T03:28:40+00:00,84,0.452381,2,obra/wordiest,0.9524
obra,2025-51,2025-12-15T01:28:54+00:00,123,0.550523,7,obra/wordiest,0.4797
obra,2025-52,2025-12-22T22:27:35+00:00,34,0.441176,4,obra/streamlinear,0.4118
obra,2026-01,2025-12-29T20:00:22+00:00,38,0.473684,1,obra/winby,0.9737
obra,2026-01,2026-01-01T00:57:04+00:00,44,0.000000,1,obra/winby,1.0000
obra,2026-03,2026-01-12T02:42:18+00:00,411,0.714355,2,prime-radiant-inc/stockyard,0.8005
obra,2026-04,2026-01-19T01:02:39+00:00,28,0.357143,3,prime-radiant-inc/stockyard,0.6071
obra,2026-05,2026-01-28T21:28:52+00:00,61,0.622951,5,obra/moltipass,0.7705
obra,2026-05,2026-02-01T06:21:41+00:00,2,0.000000,1,obra/amplifier-module-hooks-concise-display,1.0000
obra,2026-06,2026-02-03T22:54:14+00:00,84,0.698413,3,prime-radiant-inc/claude-session-viewer,0.7619
obra,2026-07,2026-02-09T01:16:18+00:00,416,0.815865,7,prime-radiant-inc/serf,0.8269
obra,2026-08,2026-02-16T02:31:17+00:00,251,0.656873,7,prime-radiant-inc/serf,0.4781
obra,2026-09,2026-02-23T03:27:07+00:00,350,0.730476,11,prime-radiant-inc/sprout,0.5486
obra,2026-09,2026-03-01T01:18:03+00:00,123,0.093496,2,prime-radiant-inc/sprout,0.5935
obra,2026-10,2026-03-02T00:00:23+00:00,425,0.565229,9,prime-radiant-inc/sprout,0.3882
obra,2026-11,2026-03-09T00:00:37+00:00,229,0.603590,8,prime-radiant-inc/sprout,0.5066
obra,2026-12,2026-03-16T00:55:20+00:00,326,0.531442,8,prime-radiant-inc/sprout,0.4018
obra,2026-13,2026-03-23T00:28:09+00:00,345,0.683333,10,prime-radiant-inc/serf,0.3652
obra,2026-14,2026-03-30T01:12:57+00:00,24,0.479167,2,obra/pepper-x,0.5833
obra,2026-14,2026-04-02T02:09:22+00:00,92,0.504348,5,obra/mutter-butter,0.5761
obra,2026-15,2026-04-06T00:45:34+00:00,186,0.663734,9,prime-radiant-inc/iterative-development,0.3871
obra,2026-16,2026-04-13T07:24:57+00:00,87,0.580460,7,prime-radiant-inc/kindle-highlight-exporter,0.4483
obra,2026-17,2026-04-20T02:16:46+00:00,176,0.734848,4,prime-radiant-inc/sprout,0.8125
obra,2026-18,2026-04-27T02:38:57+00:00,134,0.641791,2,prime-radiant-inc/sprout,0.9701
philipp-spiess,2025-39,2025-09-23T22:47:09+00:00,13,0.423077,1,philipp-spiess/any-agent,0.9231
philipp-spiess,2025-40,2025-09-29T10:13:40+00:00,20,0.000000,1,philipp-spiess/any-agent,1.0000
philipp-spiess,2025-40,2025-10-01T09:13:46+00:00,2,0.000000,1,philipp-spiess/any-agent,1.0000
philipp-spiess,2025-41,2025-10-06T21:25:10+00:00,8,0.375000,1,agentlogs/agentlogs,0.8750
philipp-spiess,2025-42,2025-10-13T09:35:43+00:00,60,0.000000,1,agentlogs/agentlogs,1.0000
philipp-spiess,2025-43,2025-10-20T20:51:15+00:00,3,0.000000,1,agentlogs/agentlogs,1.0000
philipp-spiess,2025-49,2025-12-04T00:10:20+00:00,4,0.250000,1,philipp-spiess/memos,0.7500
philipp-spiess,2025-50,2025-12-09T21:41:02+00:00,6,0.333333,1,philipp-spiess/memos,0.8333
philipp-spiess,2025-51,2025-12-18T15:38:49+00:00,3,0.166667,1,philipp-spiess/ai,0.6667
philipp-spiess,2026-02,2026-01-07T10:48:51+00:00,74,0.635135,4,agentlogs/agentlogs,0.8514
philipp-spiess,2026-03,2026-01-12T14:00:33+00:00,156,0.480769,2,agentlogs/agentlogs,0.9808
philipp-spiess,2026-04,2026-01-19T00:06:36+00:00,105,0.596825,2,agentlogs/agentlogs,0.9048
philipp-spiess,2026-05,2026-01-26T00:37:47+00:00,40,0.500000,3,agentlogs/agentlogs,0.8250
philipp-spiess,2026-05,2026-02-01T00:11:45+00:00,28,0.428571,2,agentlogs/agentlogs,0.9286
philipp-spiess,2026-06,2026-02-02T20:56:45+00:00,46,0.489130,3,agentlogs/agentlogs,0.6522
philipp-spiess,2026-07,2026-02-09T15:24:05+00:00,50,0.344000,5,philipp-spiess/spiess.dev,0.4600
philipp-spiess,2026-08,2026-02-16T22:37:20+00:00,100,0.668571,6,philipp-spiess/modern,0.7200
philipp-spiess,2026-09,2026-02-23T08:49:42+00:00,83,0.597590,5,philipp-spiess/modern,0.7590
philipp-spiess,2026-09,2026-03-01T22:45:42+00:00,8,0.000000,1,philipp-spiess/modern,1.0000
philipp-spiess,2026-10,2026-03-02T10:07:49+00:00,48,0.533333,5,agentlogs/agentlogs,0.6458
philipp-spiess,2026-11,2026-03-09T22:58:53+00:00,27,0.425926,5,agentlogs/agentlogs,0.4815
philipp-spiess,2026-12,2026-03-17T00:23:51+00:00,16,0.187500,2,sandboxsdk/capsule,0.6875
philipp-spiess,2026-13,2026-03-23T09:45:11+00:00,10,0.000000,1,agentlogs/agentlogs,1.0000
philipp-spiess,2026-16,2026-04-18T21:09:00+00:00,4,0.000000,1,agentlogs/agentlogs,1.0000
ruvnet,2025-36,2025-09-02T18:59:52+00:00,123,0.000000,1,ruvnet/ruflo,1.0000
ruvnet,2025-38,2025-09-18T21:43:26+00:00,45,0.000000,1,ruvnet/ruflo,1.0000
ruvnet,2025-39,2025-09-22T19:09:49+00:00,135,0.000000,1,ruvnet/ruflo,1.0000
ruvnet,2025-40,2025-09-30T15:31:16+00:00,11,0.000000,1,ruvnet/ruflo,1.0000
ruvnet,2025-40,2025-10-04T13:49:21+00:00,33,0.585859,2,ruvnet/agentic-flow,0.9091
ruvnet,2025-41,2025-10-06T14:18:15+00:00,88,0.227273,2,ruvnet/agentic-flow,0.7273
ruvnet,2025-42,2025-10-13T02:04:39+00:00,36,0.222222,2,ruvnet/agentic-flow,0.7222
ruvnet,2025-43,2025-10-20T01:15:53+00:00,88,0.090909,2,ruvnet/ruflo,0.5909
ruvnet,2025-44,2025-11-02T16:16:25+00:00,50,0.000000,1,ruvnet/agentic-flow,1.0000
ruvnet,2025-45,2025-11-05T23:08:31+00:00,58,0.362069,2,ruvnet/agentic-flow,0.8621
ruvnet,2025-46,2025-11-10T00:36:03+00:00,46,0.369565,2,ruvnet/agentic-flow,0.8696
ruvnet,2025-47,2025-11-19T06:10:23+00:00,36,0.000000,1,ruvnet/ruvector,1.0000
ruvnet,2025-48,2025-11-24T16:17:10+00:00,326,0.463190,4,ruvnet/ruvector,0.5215
ruvnet,2025-49,2025-12-01T11:16:56+00:00,338,0.677246,7,ruvnet/agentic-flow,0.4142
ruvnet,2025-50,2025-12-08T11:17:07+00:00,63,0.231293,7,subnirvake/vector-sh,0.2540
ruvnet,2025-51,2025-12-15T11:17:33+00:00,1,0.000000,0,dahisea/All-Repo-Trending,1.0000
ruvnet,2025-52,2025-12-23T07:53:32-05:00,204,0.181373,2,ruvnet/ruvector,0.6814
ruvnet,2026-01,2025-12-29T10:52:32-05:00,268,0.328358,2,subnirvake/vector-sh,0.8284
ruvnet,2026-01,2026-01-01T01:29:11+00:00,402,0.378109,3,ruvnet/ruflo,0.6915
ruvnet,2026-02,2026-01-05T00:17:09+00:00,993,0.487915,2,ruvnet/ruflo,0.9879
ruvnet,2026-03,2026-01-12T15:57:04+00:00,710,0.780282,5,ruvnet/ruflo,0.9718
ruvnet,2026-04,2026-01-20T19:56:57+00:00,72,0.631944,2,ruvnet/ruflo,0.8056
ruvnet,2026-05,2026-01-26T16:34:43+00:00,107,0.200935,2,ruvnet/ruflo,0.7009
ruvnet,2026-06,2026-02-02T03:47:11+00:00,519,0.620424,2,ruvnet/ruflo,0.9326
ruvnet,2026-07,2026-02-09T15:25:47+00:00,274,0.534672,4,ruvnet/ruflo,0.6825
ruvnet,2026-08,2026-02-16T14:03:29+00:00,150,0.400000,3,ruvnet/ruvector,0.6533
ruvnet,2026-09,2026-02-23T03:04:26+00:00,128,0.566406,3,ruvnet/ruvector,0.7422
ruvnet,2026-09,2026-03-01T02:29:45+00:00,59,0.000000,1,ruvnet/RuView,1.0000
ruvnet,2026-10,2026-03-02T02:21:24+00:00,139,0.541367,3,ruvnet/RuView,0.7050
ruvnet,2026-11,2026-03-09T03:31:18+00:00,44,0.636364,3,ruvnet/RuView,0.6591
ruvnet,2026-12,2026-03-16T13:52:32+00:00,39,0.324786,3,ruvnet/ruflo,0.5897
ruvnet,2026-13,2026-03-23T14:12:50+00:00,106,0.396226,4,ruvnet/RuVector,0.6226
ruvnet,2026-14,2026-03-30T11:58:07+00:00,16,0.062500,2,ruvnet/RuView,0.5625
ruvnet,2026-14,2026-04-02T14:23:04+00:00,127,0.465879,6,ruvnet/RuVector,0.4252
ruvnet,2026-15,2026-04-06T01:50:44+00:00,40,0.440000,3,ruvnet/RuView,0.4000
ruvnet,2026-16,2026-04-13T16:01:47+00:00,30,0.466667,4,cognitum-one/ruOS,0.6000
ruvnet,2026-17,2026-04-20T02:07:03+00:00,96,0.458333,6,ruvnet/RuLake,0.4479
ruvnet,2026-18,2026-04-27T00:03:48+00:00,184,0.713315,7,ruvnet/RuLake,0.7283
steipete,2025-36,2025-09-02T19:59:54+00:00,14,0.428571,1,steipete/bslog,0.9286
steipete,2025-37,2025-09-09T14:38:55+00:00,24,0.208333,2,steipete/inngest,0.7083
steipete,2025-38,2025-09-18T16:34:28+00:00,7,0.357143,1,steipete/inngest,0.8571
steipete,2025-39,2025-09-22T11:52:44+00:00,35,0.380952,2,steipete/bslog,0.6000
steipete,2025-42,2025-10-14T18:36:26+00:00,7,0.357143,1,steipete/steipete.me,0.8571
steipete,2025-43,2025-10-20T03:46:32+00:00,16,0.000000,1,steipete/tmuxwatch,1.0000
steipete,2025-45,2025-11-04T18:28:00+00:00,614,0.520358,8,steipete/mcporter,0.4283
steipete,2025-46,2025-11-10T07:34:11+00:00,1547,0.668350,15,steipete/Peekaboo,0.3665
steipete,2025-47,2025-11-17T00:00:15+00:00,1580,0.666930,15,steipete/oracle,0.3759
steipete,2025-48,2025-11-24T06:42:32+00:00,786,0.711408,21,openclaw/openclaw,0.3651
steipete,2025-49,2025-12-01T23:12:45+00:00,799,0.723762,17,openclaw/openclaw,0.5169
steipete,2025-50,2025-12-08T00:27:18+00:00,1214,0.815957,18,openclaw/openclaw,0.6540
steipete,2025-51,2025-12-16T09:28:57+00:00,1403,0.776970,30,openclaw/openclaw,0.3856
steipete,2025-52,2025-12-22T16:54:28+00:00,1880,0.730772,24,steipete/summarize,0.2798
steipete,2026-01,2025-12-29T00:04:57+00:00,910,0.683883,18,steipete/RepoBar,0.3835
steipete,2026-01,2026-01-01T07:37:49+00:00,967,0.843537,24,openclaw/openclaw,0.5377
steipete,2026-02,2026-01-05T00:11:29+00:00,1962,0.895700,13,openclaw/openclaw,0.7701
steipete,2026-03,2026-01-12T00:00:54+00:00,1827,0.866357,14,openclaw/openclaw,0.7575
steipete,2026-04,2026-01-19T00:05:06+00:00,1349,0.849448,18,openclaw/openclaw,0.7354
steipete,2026-05,2026-01-26T05:33:36+00:00,155,0.762097,5,openclaw/openclaw,0.7613
steipete,2026-05,2026-02-01T09:25:51+00:00,22,0.409091,2,openclaw/openclaw,0.9091
steipete,2026-06,2026-02-02T00:08:01+00:00,162,0.666667,7,openclaw/openclaw,0.6235
steipete,2026-07,2026-02-09T17:19:07+00:00,1258,0.867022,11,openclaw/openclaw,0.8386
steipete,2026-08,2026-02-16T00:02:32+00:00,2094,0.857808,6,openclaw/openclaw,0.9704
steipete,2026-09,2026-02-23T00:16:05+00:00,590,0.733898,2,openclaw/openclaw,0.9729
steipete,2026-09,2026-03-01T21:30:07+00:00,26,0.000000,1,openclaw/openclaw,1.0000
steipete,2026-10,2026-03-02T00:00:05+00:00,1411,0.832368,16,openclaw/openclaw,0.7215
steipete,2026-11,2026-03-09T00:13:15+00:00,1093,0.832971,13,openclaw/openclaw,0.7877
steipete,2026-12,2026-03-16T00:06:28+00:00,894,0.796421,5,openclaw/openclaw,0.9195
steipete,2026-13,2026-03-23T00:32:20+00:00,1194,0.839405,7,openclaw/openclaw,0.9405
steipete,2026-14,2026-03-30T00:02:25+00:00,119,0.644258,2,openclaw/openclaw,0.9748
steipete,2026-14,2026-04-01T00:44:43+00:00,1490,0.786040,5,openclaw/openclaw,0.9792
steipete,2026-15,2026-04-06T00:02:10+00:00,2138,0.859448,5,openclaw/openclaw,0.9640
steipete,2026-16,2026-04-13T00:26:44+00:00,676,0.773373,4,openclaw/openclaw,0.9601
steipete,2026-17,2026-04-20T11:26:30+00:00,2823,0.882454,17,openclaw/openclaw,0.8643
steipete,2026-18,2026-04-27T00:01:58+00:00,2108,0.892591,55,openclaw/openclaw,0.7002
steveyegge,2025-41,2025-10-12T03:07:36+00:00,16,0.000000,1,gastownhall/beads,1.0000
steveyegge,2025-42,2025-10-13T00:13:09+00:00,278,0.478417,2,gastownhall/beads,0.9784
steveyegge,2025-43,2025-10-20T01:28:41+00:00,40,0.400000,2,gastownhall/beads,0.9000
steveyegge,2025-44,2025-10-31T02:39:50+00:00,1,0.000000,0,gastownhall/beads,1.0000
steveyegge,2025-45,2025-11-04T07:37:43+00:00,3,0.000000,1,gastownhall/beads,1.0000
steveyegge,2025-47,2025-11-20T17:12:15+00:00,3,0.000000,1,gastownhall/beads,1.0000
steveyegge,2025-48,2025-11-25T00:10:51+00:00,409,0.000000,1,gastownhall/beads,1.0000
steveyegge,2025-49,2025-12-01T01:18:08+00:00,112,0.000000,1,gastownhall/beads,1.0000
steveyegge,2025-50,2025-12-12T21:16:12+00:00,72,0.000000,1,gastownhall/beads,1.0000
steveyegge,2025-51,2025-12-15T00:37:27+00:00,883,0.333711,3,gastownhall/gastown,0.5028
steveyegge,2025-52,2025-12-22T00:00:37+00:00,1702,0.442617,3,gastownhall/gastown,0.6651
steveyegge,2026-01,2025-12-29T00:00:41+00:00,704,0.080966,2,gastownhall/gastown,0.5810
steveyegge,2026-01,2026-01-01T00:04:54+00:00,354,0.127119,2,gastownhall/gastown,0.6271
steveyegge,2026-02,2026-01-05T00:11:37+00:00,513,0.051657,2,gastownhall/beads,0.5517
steveyegge,2026-03,2026-01-12T00:03:31+00:00,401,0.125935,2,gastownhall/beads,0.6259
steveyegge,2026-04,2026-01-19T02:25:33+00:00,165,0.033333,2,gastownhall/gastown,0.5333
steveyegge,2026-05,2026-01-26T00:00:47+00:00,129,0.104651,2,gastownhall/beads,0.6047
steveyegge,2026-05,2026-02-01T00:23:24+00:00,8,0.125000,2,gastownhall/beads,0.6250
steveyegge,2026-06,2026-02-02T03:41:10+00:00,493,0.084178,2,gastownhall/gastown,0.5842
steveyegge,2026-07,2026-02-09T00:00:04+00:00,421,0.029691,2,gastownhall/gastown,0.5297
steveyegge,2026-08,2026-02-16T00:26:50+00:00,360,0.361111,2,gastownhall/beads,0.5444
steveyegge,2026-09,2026-02-23T00:02:24+00:00,692,0.072254,2,gastownhall/gastown,0.5723
steveyegge,2026-09,2026-03-01T00:08:15+00:00,351,0.334283,2,gastownhall/gastown,0.5043
steveyegge,2026-10,2026-03-02T00:01:22+00:00,484,0.529959,3,gastownhall/gastown,0.5868
steveyegge,2026-11,2026-03-09T15:41:29+00:00,346,0.158960,2,gastownhall/gastown,0.6590
steveyegge,2026-12,2026-03-16T01:33:32+00:00,229,0.189956,2,gastownhall/gastown,0.6900
steveyegge,2026-13,2026-03-23T20:17:14+00:00,104,0.448718,2,gastownhall/gastown,0.6827
steveyegge,2026-14,2026-03-30T15:58:25+00:00,32,0.062500,2,gastownhall/gastown,0.5625
steveyegge,2026-14,2026-04-03T02:20:37+00:00,45,0.277778,2,gastownhall/gastown,0.7778
steveyegge,2026-15,2026-04-12T20:59:57+00:00,5,0.000000,1,gastownhall/gastown,1.0000
steveyegge,2026-16,2026-04-13T00:00:28+00:00,5,0.100000,2,gastownhall/beads,0.6000
steveyegge,2026-17,2026-04-20T00:48:24+00:00,4,0.000000,1,gastownhall/gastown,1.0000
teamchong,2025-45,2025-11-09T17:08:23+00:00,35,0.000000,1,teamchong/metal0,1.0000
teamchong,2025-46,2025-11-10T05:21:47+00:00,108,0.000000,1,teamchong/metal0,1.0000
teamchong,2025-47,2025-11-17T02:26:16+00:00,224,0.000000,1,teamchong/metal0,1.0000
teamchong,2025-48,2025-11-24T00:01:38+00:00,480,0.000000,1,teamchong/metal0,1.0000
teamchong,2025-49,2025-12-01T00:36:58+00:00,590,0.472881,2,teamchong/metal0,0.9729
teamchong,2025-50,2025-12-08T00:00:21+00:00,1168,0.363870,4,teamchong/metal0,0.4777
teamchong,2025-51,2025-12-15T00:14:26+00:00,872,0.365252,4,teamchong/metal0,0.4300
teamchong,2025-52,2025-12-22T03:01:33+00:00,286,0.309441,4,teamchong/metal0,0.4441
teamchong,2026-01,2025-12-29T00:52:25+00:00,231,0.383838,3,teamchong/metal0,0.6104
teamchong,2026-01,2026-01-01T02:54:53+00:00,307,0.466612,4,teamchong/lanceql,0.5765
teamchong,2026-02,2026-01-05T01:22:14+00:00,221,0.463348,4,teamchong/lanceql,0.4842
teamchong,2026-03,2026-01-12T00:06:27+00:00,196,0.404762,3,teamchong/edgebox,0.6173
teamchong,2026-04,2026-01-19T07:58:09+00:00,372,0.376344,3,teamchong/termweb,0.5699
teamchong,2026-05,2026-01-26T00:03:40+00:00,187,0.328877,2,teamchong/termweb,0.8289
teamchong,2026-05,2026-02-01T00:51:27+00:00,80,0.487500,1,teamchong/termweb,0.9875
teamchong,2026-06,2026-02-02T00:18:55+00:00,127,0.350394,2,teamchong/termweb,0.8504
teamchong,2026-07,2026-02-09T00:11:30+00:00,108,0.438272,3,teamchong/termweb,0.7037
teamchong,2026-08,2026-02-16T02:20:12+00:00,197,0.338409,3,teamchong/vectorjson,0.6447
teamchong,2026-09,2026-02-23T00:05:10+00:00,10,0.400000,1,teamchong/codesift,0.9000
teamchong,2026-10,2026-03-02T15:07:58+00:00,474,0.281013,5,teamchong/querymode,0.3481
teamchong,2026-11,2026-03-09T00:00:49+00:00,364,0.347527,8,teamchong/pymode,0.3187
teamchong,2026-12,2026-03-17T19:13:58+00:00,200,0.000000,1,teamchong/querymode,1.0000
teamchong,2026-13,2026-03-29T00:16:40+00:00,3,0.000000,1,teamchong/querymode,1.0000
teamchong,2026-14,2026-03-31T22:35:57+00:00,1,0.000000,0,teamchong/pymode,1.0000
teamchong,2026-14,2026-04-01T00:27:05+00:00,73,0.486301,1,teamchong/turboquant-wasm,0.9863
teamchong,2026-15,2026-04-06T03:24:42+00:00,13,0.000000,1,teamchong/turboquant-wasm,1.0000
teamchong,2026-16,2026-04-18T05:38:58+00:00,14,0.000000,1,teamchong/turboquant-wasm,1.0000
teamchong,2026-17,2026-04-23T01:50:57+00:00,111,0.481982,2,teamchong/textsift,0.9820
teamchong,2026-18,2026-04-27T00:18:03+00:00,152,0.404605,4,teamchong/capnwasm,0.4934
